Image_ID,class
id_g2k02j3mgh.jpg,NEG
id_6cuj7aynp9.jpg,NEG
id_w3hbmlhy3s.jpg,NON_NEG
id_i7nx01zl0l.jpg,NON_NEG
id_yvg592a7a9.jpg,NON_NEG
id_p6lql58dil.jpg,NON_NEG
id_5rwv5nd2tq.jpg,NON_NEG
id_66g6mwyqq1.jpg,NON_NEG
id_wgijl6n37b.jpg,NEG
id_maqt3hjjlk.jpg,NON_NEG
id_bb6l0z1rv3.jpg,NON_NEG
id_g3334z9t3p.jpg,NON_NEG
id_atyaxiymp6.jpg,NON_NEG
id_knukwh53dg.jpg,NON_NEG
id_mx7v27e8eo.jpg,NON_NEG
id_bk64vgrnby.jpg,NON_NEG
id_4b2nztm2dz.jpg,NEG
id_twft9r61zp.jpg,NEG
id_8telgnnb6y.jpg,NON_NEG
id_1cvkxwzx4d.jpg,NON_NEG
id_wf4us8fhib.jpg,NON_NEG
id_e7vi6bi5a5.jpg,NON_NEG
id_ct56s6romz.jpg,NON_NEG
id_j8q0v9vdtv.jpg,NEG
id_3i73f5tlyy.jpg,NON_NEG
id_vvcixbrht6.jpg,NON_NEG
id_6csaqnzto8.jpg,NON_NEG
id_ktv4d0izjv.jpg,NON_NEG
id_8ztw2t9cet.jpg,NON_NEG
id_8v13ih8l2d.jpg,NON_NEG
id_5lljtp7ww7.jpg,NON_NEG
id_731yaow2cc.jpg,NEG
id_9nmbk608ew.jpg,NEG
id_rnjgrvrhj4.jpg,NON_NEG
id_jtk75kmue0.jpg,NEG
id_2lhrbf77z4.jpg,NEG
id_z6bk2fr03q.jpg,NEG
id_v2ivn5661g.jpg,NON_NEG
id_ouop5c9ynm.jpg,NON_NEG
id_16wma1cctx.jpg,NON_NEG
id_bvxele3cew.jpg,NEG
id_4fq8jiwxl0.jpg,NON_NEG
id_lk8v7lhats.jpg,NON_NEG
id_96yqsw3jpj.jpg,NON_NEG
id_yfaan268o7.jpg,NEG
id_j3totz3qc8.jpg,NON_NEG
id_je5ci7yyxz.jpg,NON_NEG
id_ob4nb0r9m7.jpg,NON_NEG
id_mj3uvco3qx.jpg,NON_NEG
id_btkpzqd7ft.jpg,NON_NEG
id_v6ovpv2ltd.jpg,NON_NEG
id_sgahvmphgj.jpg,NON_NEG
id_ft0sdquo38.jpg,NON_NEG
id_psx8tcz140.jpg,NEG
id_29tzvlkz52.jpg,NON_NEG
id_6elwer7rwu.jpg,NON_NEG
id_aomyd41llq.jpg,NON_NEG
id_g3ebbikz3z.jpg,NON_NEG
id_nc7g9ohyt8.jpg,NON_NEG
id_7n0h80n8zj.jpg,NEG
id_p90nleszgt.jpg,NON_NEG
id_rlc26w9tpp.jpg,NON_NEG
id_cnus6goi8x.jpg,NON_NEG
id_x7xw4fzomb.jpg,NON_NEG
id_93qn6bexv7.jpg,NON_NEG
id_zfzpkrpoqm.jpg,NON_NEG
id_z7kmwiyjt5.jpg,NEG
id_vo5p46xkxd.jpg,NEG
id_hqlchlbxsm.jpg,NEG
id_snvsv2gtao.jpg,NON_NEG
id_5gtyrf5t25.jpg,NEG
id_eeluv2nmp7.jpg,NON_NEG
id_vfdxcjht6h.jpg,NEG
id_m0kwdfv3n8.jpg,NON_NEG
id_dtn0vv2tmw.jpg,NEG
id_jqbclo5yeq.jpg,NON_NEG
id_rqs82d32qh.jpg,NON_NEG
id_ta8ulnvuuu.jpg,NON_NEG
id_vzg8t0na3y.jpg,NEG
id_gbr8mzd3md.jpg,NON_NEG
id_v1q6v6s6t8.jpg,NEG
id_ru4hal0k5c.jpg,NON_NEG
id_cmf4pkjhgq.jpg,NEG
id_1ixy1nlkj8.jpg,NON_NEG
id_ychygsfo4m.jpg,NON_NEG
id_xsosglh1w9.jpg,NON_NEG
id_07mjegtal8.jpg,NON_NEG
id_f9655wphgw.jpg,NON_NEG
id_xyegmyhhxw.jpg,NON_NEG
id_3iyp1jxbct.jpg,NON_NEG
id_n2adtpcnmo.jpg,NON_NEG
id_njl8apjhd0.jpg,NON_NEG
id_y9r18vi826.jpg,NON_NEG
id_53m3zxj2im.jpg,NON_NEG
id_lf4vcil5v3.jpg,NON_NEG
id_hfgyd1yepz.jpg,NON_NEG
id_xbb8d94g1c.jpg,NON_NEG
id_ilz0fjuyqz.jpg,NON_NEG
id_grxayh1ze5.jpg,NON_NEG
id_ggbfzoghol.jpg,NON_NEG
id_wv9h94nxsp.jpg,NEG
id_jlgvgubvdy.jpg,NEG
id_mty3c1iqq1.jpg,NON_NEG
id_6y8h3f87d9.jpg,NON_NEG
id_fwvyb6l251.jpg,NON_NEG
id_byfmzef4tn.jpg,NON_NEG
id_ujjee4ewy2.jpg,NON_NEG
id_izrhy88hdg.jpg,NON_NEG
id_dk4e23tnbl.jpg,NON_NEG
id_ghp8x3ioh0.jpg,NON_NEG
id_2wgtcq8rl6.jpg,NON_NEG
id_d7gkp4j3jr.jpg,NON_NEG
id_nzkpf8tr8o.jpg,NON_NEG
id_8fl68udpol.jpg,NON_NEG
id_gmkmdd7pqc.jpg,NON_NEG
id_yp0wjyibpm.jpg,NEG
id_2pye2ftpl6.jpg,NEG
id_s6mw0zq89l.jpg,NON_NEG
id_sin11o52ho.jpg,NON_NEG
id_tgqn7f4tx0.jpg,NON_NEG
id_nfscssxd2u.jpg,NON_NEG
id_1d5fiuag7g.jpg,NON_NEG
id_vh6bnf8aqi.jpg,NEG
id_fchssi6vmq.jpg,NEG
id_0de37ox1bm.jpg,NON_NEG
id_oxi3v101sp.jpg,NEG
id_oi7aegrlct.jpg,NEG
id_ohdqwwlnpv.jpg,NON_NEG
id_i7dta453kt.jpg,NON_NEG
id_9pbj5r74nc.jpg,NON_NEG
id_04g5qzuv79.jpg,NON_NEG
id_fxn08pt2cf.jpg,NEG
id_k6s11k3klo.jpg,NON_NEG
id_g2qoimboyc.jpg,NON_NEG
id_3pdldd2i9r.jpg,NON_NEG
id_287k5l3dpf.jpg,NON_NEG
id_vjc3de4efn.jpg,NON_NEG
id_mrewnlo2vc.jpg,NON_NEG
id_c69tm8y0y2.jpg,NON_NEG
id_5j0iayxo5e.jpg,NEG
id_ivy4bzueea.jpg,NON_NEG
id_p6bg7yes86.jpg,NON_NEG
id_s7ow36yu87.jpg,NON_NEG
id_4g4emya3iz.jpg,NON_NEG
id_hudm26qzdw.jpg,NON_NEG
id_8m6prlbhsm.jpg,NON_NEG
id_kie5dis26h.jpg,NON_NEG
id_gb3wahhdqq.jpg,NON_NEG
id_3jtog82pr3.jpg,NEG
id_vukb9kjcto.jpg,NON_NEG
id_t2oikm7msc.jpg,NEG
id_ao5l6zdnzr.jpg,NON_NEG
id_vfrrff473s.jpg,NON_NEG
id_xfttrkew1h.jpg,NEG
id_u6hg312yxn.jpg,NON_NEG
id_egnmwq30pk.jpg,NON_NEG
id_84vdz6s1xo.jpg,NEG
id_yi7mfeaqv4.jpg,NON_NEG
id_obvyvrbfoa.jpg,NON_NEG
id_qvo128d8ku.jpg,NEG
id_99wdvjeavb.jpg,NON_NEG
id_rsb2v3qu20.jpg,NON_NEG
id_r08x66bz6p.jpg,NON_NEG
id_j4pwb4m87i.jpg,NEG
id_78za1iiwy7.jpg,NEG
id_mbeflw8vpy.jpg,NON_NEG
id_5ydmaehgh4.jpg,NON_NEG
id_7covpw6qec.jpg,NON_NEG
id_by6vm08v4z.jpg,NEG
id_skppn6q183.jpg,NEG
id_ex1zv1eldz.jpg,NEG
id_1kdccg2hed.jpg,NON_NEG
id_l1492tno2u.jpg,NON_NEG
id_i0sssks1lo.jpg,NON_NEG
id_ll3ekjy2bo.jpg,NON_NEG
id_590z3x68ot.jpg,NON_NEG
id_pcr36t6wav.jpg,NON_NEG
id_j0s3jncce7.jpg,NON_NEG
id_9wulfuwcn2.jpg,NON_NEG
id_8c78fzyvks.jpg,NEG
id_5cmiy2xmxy.jpg,NON_NEG
id_c3srlnljjh.jpg,NEG
id_na0wlf2z0b.jpg,NEG
id_b6kvgfrr7d.jpg,NEG
id_ojrvckptl6.jpg,NON_NEG
id_xe8odn25c5.jpg,NON_NEG
id_dxy6h0ngox.jpg,NON_NEG
id_c9x4xc9vuv.jpg,NON_NEG
id_db7urn6j1g.jpg,NON_NEG
id_3qpnzi9cvh.jpg,NON_NEG
id_7z4kmeq9c7.jpg,NON_NEG
id_f17wgaoouo.jpg,NON_NEG
id_wno3r32at1.jpg,NEG
id_kbanzvtryi.jpg,NON_NEG
id_bvmglcm4cb.jpg,NON_NEG
id_ajzbqyf67p.jpg,NON_NEG
id_9zr819jt8d.jpg,NEG
id_qidlol8rix.jpg,NON_NEG
id_wp2hqrl4ek.jpg,NON_NEG
id_s5mp9t58s5.jpg,NON_NEG
id_auvl05xbb0.jpg,NON_NEG
id_g9ubncbis1.jpg,NON_NEG
id_dey6b63co6.jpg,NON_NEG
id_15keeum3u3.jpg,NON_NEG
id_0v9rocfzi8.jpg,NON_NEG
id_tynzytvjq9.jpg,NON_NEG
id_ig4mkjlohh.jpg,NON_NEG
id_pzevszn1ft.jpg,NON_NEG
id_6dop09rk02.jpg,NEG
id_mp4czfjlp6.jpg,NEG
id_e2kai3dkq6.jpg,NON_NEG
id_hku1338twx.jpg,NON_NEG
id_w7bcgot4lf.jpg,NON_NEG
id_09uioqhi17.jpg,NON_NEG
id_ef4lnbhyxw.jpg,NON_NEG
id_fu1i0g3ysz.jpg,NON_NEG
id_ntv9yuxczt.jpg,NON_NEG
id_nvkisesgjk.jpg,NON_NEG
id_n53hqkovup.jpg,NON_NEG
id_57izav80rt.jpg,NON_NEG
id_g7t9v5jebb.jpg,NON_NEG
id_pmrtwjvcgd.jpg,NON_NEG
id_i9nlmhplyo.jpg,NEG
id_3htb4o3hfn.jpg,NON_NEG
id_7y4vc2v3th.jpg,NON_NEG
id_ep7kg4wtcd.jpg,NEG
id_nx12u001w3.jpg,NON_NEG
id_9t9so3atr9.jpg,NON_NEG
id_q7akj9v4f3.jpg,NON_NEG
id_um5sxszvdq.jpg,NON_NEG
id_x5putre7ij.jpg,NEG
id_pysybhkj42.jpg,NON_NEG
id_g2sqqzfmua.jpg,NON_NEG
id_tixiu65san.jpg,NON_NEG
id_p45t2x569p.jpg,NEG
id_upkon5lrf2.jpg,NON_NEG
id_j9871tvtc2.jpg,NON_NEG
id_b5xoi2glxv.jpg,NON_NEG
id_911dukndvl.jpg,NON_NEG
id_qltslzihpq.jpg,NON_NEG
id_purje7jnex.jpg,NEG
id_nr7j05w288.jpg,NEG
id_vgak6w6qlx.jpg,NON_NEG
id_g0bqs5r7aa.jpg,NEG
id_8x0h7f3orn.jpg,NON_NEG
id_wtir01ye5u.jpg,NEG
id_bw2whozsrm.jpg,NEG
id_go7ph4k7a1.jpg,NON_NEG
id_28szlxza5l.jpg,NON_NEG
id_w07n0vxmmr.jpg,NON_NEG
id_y1be61kpy1.jpg,NON_NEG
id_7n1r3iclt9.jpg,NON_NEG
id_7r4idjxs41.jpg,NON_NEG
id_gadbj7riq2.jpg,NEG
id_60wk14naw1.jpg,NON_NEG
id_4thqsk6xut.jpg,NON_NEG
id_d5dj2koz0y.jpg,NON_NEG
id_s5ad3dl5v4.jpg,NON_NEG
id_wzjc6hmplc.jpg,NON_NEG
id_xrb30hnane.jpg,NON_NEG
id_z9llfkkp5u.jpg,NON_NEG
id_dqs7gwi0lc.jpg,NON_NEG
id_rdazegqgxj.jpg,NEG
id_1bcb81j5jv.jpg,NEG
id_ttb4m62msv.jpg,NON_NEG
id_9brjtu88if.jpg,NON_NEG
id_ylikv39oit.jpg,NEG
id_p2kuzgnz1b.jpg,NON_NEG
id_mgtz4etyx1.jpg,NON_NEG
id_j7vdmchwdx.jpg,NON_NEG
id_w01gu00ojz.jpg,NON_NEG
id_dfj702b6f8.jpg,NON_NEG
id_wmuzeiug1p.jpg,NON_NEG
id_6cbe6ppu3f.jpg,NON_NEG
id_ajt9rpoq9n.jpg,NEG
id_zh5it18k1e.jpg,NON_NEG
id_un4mi81hjl.jpg,NON_NEG
id_oh833y0bv5.jpg,NEG
id_m3igovua55.jpg,NON_NEG
id_yjy8bgf8iy.jpg,NEG
id_7uw6l4mf7c.jpg,NON_NEG
id_hbf04mshwf.jpg,NON_NEG
id_jsfiseoilv.jpg,NON_NEG
id_56cm3hgim3.jpg,NON_NEG
id_dj7q6qdgvk.jpg,NON_NEG
id_s2jyv2cu50.jpg,NON_NEG
id_psyadz27fb.jpg,NON_NEG
id_3ikddj8ptg.jpg,NEG
id_eh5hyllpav.jpg,NON_NEG
id_usyavnhz9p.jpg,NEG
id_fnso660m9o.jpg,NON_NEG
id_bhxgop8sch.jpg,NON_NEG
id_7l5fy1nin2.jpg,NON_NEG
id_t4ahof8989.jpg,NON_NEG
id_uhss5k1wwd.jpg,NON_NEG
id_8f6bxzha50.jpg,NEG
id_k31xcsf57u.jpg,NON_NEG
id_7dsfle2xvr.jpg,NEG
id_906gshebg5.jpg,NON_NEG
id_m33vrqvm4u.jpg,NON_NEG
id_e1z1cyw0i1.jpg,NON_NEG
id_1t8tnu0umh.jpg,NON_NEG
id_ub23okzkyu.jpg,NEG
id_fa626uztwq.jpg,NON_NEG
id_vayi564v9k.jpg,NON_NEG
id_2fk6cyep6k.jpg,NON_NEG
id_k5fjmnr3cl.jpg,NEG
id_bhydrok4am.jpg,NON_NEG
id_jo8uyjrgbt.jpg,NON_NEG
id_fddvaawmcf.jpg,NON_NEG
id_pajss79o38.jpg,NEG
id_eag4kzq57n.jpg,NON_NEG
id_9072rd2zhg.jpg,NON_NEG
id_1vvcgkmw1l.jpg,NON_NEG
id_q9ivxz5k9x.jpg,NEG
id_n9xdokysvj.jpg,NON_NEG
id_vq09s9hrah.jpg,NON_NEG
id_l3mjhk9wgp.jpg,NON_NEG
id_ndx918oj23.jpg,NON_NEG
id_b1j4wtex6e.jpg,NEG
id_96z5kq4fxn.jpg,NON_NEG
id_jcl0ug4fyq.jpg,NEG
id_zgmsi118yx.jpg,NON_NEG
id_n0dw8x43fz.jpg,NEG
id_3xakbk4xct.jpg,NON_NEG
id_ciizk9pgt2.jpg,NON_NEG
id_vmymaraffc.jpg,NON_NEG
id_yq2d9sim9j.jpg,NEG
id_lc9snzo6be.jpg,NEG
id_gsazi483u2.jpg,NON_NEG
id_anqe5k3cep.jpg,NON_NEG
id_wb3otnixb6.jpg,NEG
id_y4hd9yvh59.jpg,NON_NEG
id_sv09sfn9ge.jpg,NON_NEG
id_v9gffg6077.jpg,NEG
id_3m5rtldzlf.jpg,NON_NEG
id_n1wpfhfq7j.jpg,NON_NEG
id_hzq703z3bf.jpg,NEG
id_w0k3muljqb.jpg,NON_NEG
id_ng9b37pjh8.jpg,NON_NEG
id_4vs1auhi95.jpg,NON_NEG
id_iqozwzktxf.jpg,NON_NEG
id_331urb6uko.jpg,NON_NEG
id_2wsz8etqq8.jpg,NON_NEG
id_6wuuwca3l0.jpg,NEG
id_szvd392zit.jpg,NON_NEG
id_kyre63f2tm.jpg,NON_NEG
id_b40l7r5vkr.jpg,NEG
id_dupchojv0j.jpg,NON_NEG
id_c9ljds3fei.jpg,NEG
id_9api0q9s8b.jpg,NON_NEG
id_fxsdfj6oia.jpg,NEG
id_7rdt2xw658.jpg,NEG
id_5mbe2nhipw.jpg,NON_NEG
id_rnh9zkuo1x.jpg,NON_NEG
id_wk0z6ogsez.jpg,NON_NEG
id_pt7gwalfyf.jpg,NON_NEG
id_55a6sf8hbe.jpg,NON_NEG
id_9jlldiep8m.jpg,NON_NEG
id_mhr374d9oa.jpg,NEG
id_l4bdzi67ca.jpg,NEG
id_6peodc0rxm.jpg,NON_NEG
id_a10k5zohch.jpg,NON_NEG
id_lg934gctjs.jpg,NON_NEG
id_c2oq3byahk.jpg,NEG
id_h0c7f93ooz.jpg,NON_NEG
id_ffkaxvumnd.jpg,NEG
id_j8ri1iub1e.jpg,NON_NEG
id_y292s420ts.jpg,NON_NEG
id_n2lqmnippo.jpg,NON_NEG
id_zl0f34hg2j.jpg,NEG
id_zkrs1cimm3.jpg,NEG
id_w4h5g5vplj.jpg,NON_NEG
id_9ex9wpulfw.jpg,NON_NEG
id_1mf35d73se.jpg,NEG
id_yfjgb4dlnu.jpg,NEG
id_7gvvrdz0tl.jpg,NON_NEG
id_wtp7vfwf0j.jpg,NON_NEG
id_o69co6x4j6.jpg,NON_NEG
id_021o79u9zs.jpg,NON_NEG
id_8h68gniafz.jpg,NON_NEG
id_zcviwyyuj1.jpg,NEG
id_sbil497x0b.jpg,NON_NEG
id_rqg0oo0uc0.jpg,NEG
id_gynfq0ytus.jpg,NEG
id_1iia796cjq.jpg,NON_NEG
id_yn0dsrwuz7.jpg,NON_NEG
id_hmfuop2rqe.jpg,NEG
id_kfxb2211ni.jpg,NON_NEG
id_43qrirp7ju.jpg,NON_NEG
id_zhz9yq42i5.jpg,NON_NEG
id_u83j51q7zv.jpg,NON_NEG
id_6g52lmvz2y.jpg,NON_NEG
id_5wusu71c26.jpg,NON_NEG
id_xt4bonkflz.jpg,NON_NEG
id_a5jfl7ro3r.jpg,NON_NEG
id_wta320gseb.jpg,NON_NEG
id_5dkxygfay2.jpg,NON_NEG
id_yrji5hrue9.jpg,NEG
id_p1z8i43g1e.jpg,NON_NEG
id_padsu6hm9j.jpg,NON_NEG
id_8atyrrejhw.jpg,NON_NEG
id_8jwhcrt4sv.jpg,NON_NEG
id_0psx59eg7k.jpg,NON_NEG
id_6bqoiceoxx.jpg,NON_NEG
id_nw02fw99a0.jpg,NON_NEG
id_5283833d2l.jpg,NON_NEG
id_n9bbcos7p2.jpg,NON_NEG
id_5aayt7wk7i.jpg,NON_NEG
id_8qftjzdycu.jpg,NON_NEG
id_tepukd7akl.jpg,NON_NEG
id_a8yz1k8wg8.jpg,NON_NEG
id_kw7pfxdzua.jpg,NON_NEG
id_glkdkl6ecv.jpg,NON_NEG
id_e7v9ytlskr.jpg,NON_NEG
id_bjxl8yrf0z.jpg,NON_NEG
id_hr5gyut9t0.jpg,NEG
id_33h3dmcebs.jpg,NON_NEG
id_irokg3ehr4.jpg,NON_NEG
id_s90vcywxum.jpg,NON_NEG
id_5xhxy46p30.jpg,NON_NEG
id_bd91rxlb5y.jpg,NEG
id_fki1jfnxnq.jpg,NEG
id_nnurq35wvp.jpg,NEG
id_gj632pfurw.jpg,NON_NEG
id_88wih42jlj.jpg,NON_NEG
id_vhpkv93jhn.jpg,NEG
id_13s4p0geo0.jpg,NON_NEG
id_9neerla9dn.jpg,NON_NEG
id_th426a1f4q.jpg,NEG
id_2dheq315qe.jpg,NON_NEG
id_8xgi8en1b4.jpg,NON_NEG
id_rmwz6ce1dd.jpg,NON_NEG
id_r1h52tth8l.jpg,NON_NEG
id_49n2r2g61a.jpg,NON_NEG
id_09tkk7vrjp.jpg,NON_NEG
id_101shg43c9.jpg,NEG
id_z61rjg7s56.jpg,NEG
id_islu7q0ozu.jpg,NEG
id_vxivauljpe.jpg,NEG
id_o0ls6ewfgd.jpg,NEG
id_gqibldquwu.jpg,NON_NEG
id_9ynomawl38.jpg,NON_NEG
id_u0ixesq8l0.jpg,NON_NEG
id_0s3fhxftmh.jpg,NON_NEG
id_u2tz4d81aj.jpg,NEG
id_cttqecmdq8.jpg,NEG
id_c7jr3hyub1.jpg,NEG
id_l0yddk6zes.jpg,NON_NEG
id_u14fsvo2ae.jpg,NON_NEG
id_575ur08l05.jpg,NON_NEG
id_bj4v8tg4n3.jpg,NON_NEG
id_straufuobm.jpg,NEG
id_et5erpllpf.jpg,NON_NEG
id_le49a6wodn.jpg,NEG
id_54ow182tjw.jpg,NON_NEG
id_t04n6yjoc0.jpg,NON_NEG
id_z8zg282t55.jpg,NON_NEG
id_bvht7rqdqs.jpg,NON_NEG
id_j2oqqg75qv.jpg,NON_NEG
id_212ealkj21.jpg,NON_NEG
id_hz1a7qnbja.jpg,NON_NEG
id_aq4lhr0but.jpg,NON_NEG
id_dd5057k111.jpg,NON_NEG
id_5dfqc7p7f1.jpg,NON_NEG
id_5um2d37039.jpg,NON_NEG
id_8jgef5mjwc.jpg,NON_NEG
id_mdso2py2g1.jpg,NON_NEG
id_2mgod7ub1w.jpg,NON_NEG
id_mffzgxolw5.jpg,NON_NEG
id_wqupiztnka.jpg,NEG
id_dvhekvgy6v.jpg,NON_NEG
id_kcdgd6uxa3.jpg,NEG
id_cilsouekou.jpg,NON_NEG
id_edf1t21q5x.jpg,NON_NEG
id_n0zdmnp490.jpg,NON_NEG
id_znibrb041a.jpg,NON_NEG
id_ij9o6ro08b.jpg,NON_NEG
id_19t2jeax4w.jpg,NEG
id_oo1t9u2ry7.jpg,NEG
id_sz1fnj523g.jpg,NEG
id_rx25niusfd.jpg,NON_NEG
id_cs5olbw2g8.jpg,NON_NEG
id_q5qorhd8rl.jpg,NEG
id_rcn049kq3w.jpg,NEG
id_bbujb1tcjl.jpg,NEG
id_n0dqkovtp3.jpg,NON_NEG
id_e1xkftysj9.jpg,NON_NEG
id_qlrwqec93l.jpg,NON_NEG
id_pctj4za5je.jpg,NON_NEG
id_4x75iiuue7.jpg,NEG
id_drdob883op.jpg,NON_NEG
id_yn3c2sklwx.jpg,NON_NEG
id_0qhxe5d0rp.jpg,NON_NEG
id_9rigpuv0av.jpg,NON_NEG
id_da56s8jc3z.jpg,NEG
id_p2nna8p1fj.jpg,NON_NEG
id_ib4bkb6uto.jpg,NON_NEG
id_sqnutj2cxt.jpg,NON_NEG
id_3il5b5w7oe.jpg,NEG
id_7lzf17si63.jpg,NEG
id_7fd9tfijwa.jpg,NON_NEG
id_kh21rly6km.jpg,NON_NEG
id_mfvnaw4up0.jpg,NEG
id_2aztwqu09t.jpg,NON_NEG
id_c7svertes2.jpg,NON_NEG
id_ldsohwqw5s.jpg,NON_NEG
id_9mqak2k7v8.jpg,NON_NEG
id_ze5ea1x3qv.jpg,NEG
id_yrd7e5ko11.jpg,NON_NEG
id_101k9uxexv.jpg,NON_NEG
id_adje7d6p6o.jpg,NON_NEG
id_pg39cn27xo.jpg,NON_NEG
id_70s6c8isgd.jpg,NON_NEG
id_h7icl34nu7.jpg,NON_NEG
id_9wqi3e0b1u.jpg,NON_NEG
id_89eqlxg53f.jpg,NEG
id_jtzo5kz095.jpg,NON_NEG
id_fntufcn2y2.jpg,NON_NEG
id_3xszhdulod.jpg,NON_NEG
id_fm9nb01s82.jpg,NEG
id_w8y9tbo94z.jpg,NON_NEG
id_9celvylydb.jpg,NEG
id_10bea4k4zs.jpg,NEG
id_rm1q0sxzs8.jpg,NEG
id_v8znpkdomx.jpg,NON_NEG
id_rrtrc7elsp.jpg,NEG
id_j0zahs4ik5.jpg,NON_NEG
id_wy64v158ve.jpg,NON_NEG
id_d7y7ez7cab.jpg,NON_NEG
id_cvq4yybuzd.jpg,NON_NEG
id_ndxzjv7vjt.jpg,NON_NEG
id_w7ffbt8mn3.jpg,NON_NEG
id_8o4csfm34x.jpg,NON_NEG
id_8a0qq0ghm8.jpg,NEG
id_tbpcnvvgo4.jpg,NON_NEG
id_p93yimy9qh.jpg,NON_NEG
id_vmj225uyxh.jpg,NON_NEG
id_wb377w0v25.jpg,NON_NEG
id_u2ushq95s3.jpg,NON_NEG
id_q53voupmij.jpg,NON_NEG
id_bu5cwkec6f.jpg,NON_NEG
id_atrfvy17x2.jpg,NEG
id_2phfm0xt7m.jpg,NON_NEG
id_0e1cx570oo.jpg,NON_NEG
id_idafu4bm3w.jpg,NON_NEG
id_0m3eespb6j.jpg,NEG
id_djivwejlfp.jpg,NON_NEG
id_gik3630i6v.jpg,NEG
id_vuqocdt3cs.jpg,NON_NEG
id_1qn4rhienv.jpg,NON_NEG
id_ajaerl0ii9.jpg,NON_NEG
id_va4z1ugq2d.jpg,NON_NEG
id_olxq89nqbt.jpg,NEG
id_t00wtcn82l.jpg,NEG
id_quec9pkfsl.jpg,NEG
id_cxdxau0jeg.jpg,NON_NEG
id_n19tol6ifq.jpg,NON_NEG
id_lcb9gg8k4q.jpg,NON_NEG
id_v92k1t562f.jpg,NEG
id_m7lks6c0zq.jpg,NON_NEG
id_dj1iug87kl.jpg,NON_NEG
id_czyl9nsbu1.jpg,NON_NEG
id_zhq79x4qxm.jpg,NON_NEG
id_mfz388nrdt.jpg,NON_NEG
id_1hwrodpvak.jpg,NON_NEG
id_e9fd19ggmu.jpg,NON_NEG
id_4ixxgo7xqk.jpg,NON_NEG
id_0efq7r4vuo.jpg,NEG
id_vzpwer3lx8.jpg,NON_NEG
id_kjtfw1vgg1.jpg,NON_NEG
id_b3gdyxkh0y.jpg,NON_NEG
id_yhpdwdkqft.jpg,NEG
id_eu2cd85l06.jpg,NON_NEG
id_do31k8wo88.jpg,NON_NEG
id_8y3slzfq3q.jpg,NON_NEG
id_1esqqvsjvk.jpg,NON_NEG
id_ia6kevzmdo.jpg,NON_NEG
id_378kl26zvu.jpg,NON_NEG
id_kqm2j94g07.jpg,NON_NEG
id_7ugqazdluw.jpg,NON_NEG
id_lxn0ngaqma.jpg,NEG
id_3g5q7v1owr.jpg,NON_NEG
id_nat0o2k29g.jpg,NON_NEG
id_c86b3blpzi.jpg,NON_NEG
id_wk8p3mqvox.jpg,NON_NEG
id_iqchfplztn.jpg,NON_NEG
id_10bnf5rikw.jpg,NON_NEG
id_yqs4jbnr66.jpg,NON_NEG
id_9yblieuhuv.jpg,NEG
id_1znthhiquo.jpg,NON_NEG
id_heugkg8cei.jpg,NON_NEG
id_i7xghctkoz.jpg,NON_NEG
id_pvh4gi6u22.jpg,NON_NEG
id_k66l8ot7ha.jpg,NON_NEG
id_iq2q0bx3vk.jpg,NON_NEG
id_vf9wjazndn.jpg,NEG
id_kz2swbcww6.jpg,NON_NEG
id_dp2psac91h.jpg,NON_NEG
id_w2ry892a1z.jpg,NON_NEG
id_htd8yeuu1d.jpg,NON_NEG
id_w57kr5d7j4.jpg,NEG
id_6y0igbi0m3.jpg,NON_NEG
id_evbz4n12la.jpg,NEG
id_ovbss3576v.jpg,NON_NEG
id_cgexp6c80c.jpg,NON_NEG
id_yvysltliu6.jpg,NON_NEG
id_wunxhbbr0g.jpg,NON_NEG
id_mntvw3dwf6.jpg,NON_NEG
id_a3z2d18cq0.jpg,NON_NEG
id_ktdlh7cwmo.jpg,NON_NEG
id_94ziwxguf0.jpg,NEG
id_aspncsg7kf.jpg,NON_NEG
id_ijjpc914s4.jpg,NON_NEG
id_smjmo7rsbu.jpg,NON_NEG
id_yw36a9lj2u.jpg,NON_NEG
id_n2p8hhg5y0.jpg,NON_NEG
id_v0av0bx5ua.jpg,NON_NEG
id_on8h9gzygx.jpg,NON_NEG
id_vh0k3szcjh.jpg,NON_NEG
id_6lmg2cbb6b.jpg,NON_NEG
id_70n83m4jtl.jpg,NEG
id_hxh24buc7k.jpg,NON_NEG
id_bkc1sypwhe.jpg,NON_NEG
id_22vwab5s41.jpg,NEG
id_74jy1jjhhz.jpg,NON_NEG
id_oixxh8vdl9.jpg,NEG
id_e357yy4dys.jpg,NON_NEG
id_qrni0nefew.jpg,NEG
id_l7x18hhzkw.jpg,NON_NEG
id_5d1f8lzju3.jpg,NON_NEG
id_hxobhq7w30.jpg,NEG
id_sqnhkqt5br.jpg,NON_NEG
id_gxnz4wefm3.jpg,NEG
id_b58t3ex2zx.jpg,NEG
id_wh6zyryvik.jpg,NON_NEG
id_epn3a3q2qf.jpg,NEG
id_krvoyjujcq.jpg,NON_NEG
id_f8xhxhsjla.jpg,NON_NEG
id_r3qk3gs23y.jpg,NON_NEG
id_33a4icf8ni.jpg,NON_NEG
id_g53wol4m59.jpg,NON_NEG
id_ls63t11ouc.jpg,NON_NEG
id_cw3ol3h635.jpg,NON_NEG
id_gip2419rqo.jpg,NON_NEG
id_f42a2gqph2.jpg,NON_NEG
id_514y5z9ecs.jpg,NEG
id_dykkfwem8p.jpg,NEG
id_74u9r7ah0q.jpg,NON_NEG
id_zgkvnvxevi.jpg,NON_NEG
id_tm37l0159g.jpg,NEG
id_ahfcplwlp2.jpg,NEG
id_tl2d67i3vy.jpg,NON_NEG
id_x4ppyf7aue.jpg,NON_NEG
id_nf8bzhpi96.jpg,NON_NEG
id_p31xj4b9y4.jpg,NEG
id_013o32svbt.jpg,NEG
id_wr1bsozdoh.jpg,NON_NEG
id_0e9t8wmg6e.jpg,NON_NEG
id_k1gvam8hzc.jpg,NON_NEG
id_8gv8ssaopt.jpg,NON_NEG
id_a1jdwsbpyl.jpg,NON_NEG
id_2g1d0n7cvh.jpg,NON_NEG
id_hfylgerf35.jpg,NON_NEG
id_puvh8ct0xr.jpg,NEG
id_fu682pu2sa.jpg,NON_NEG
id_9v4gg6m7bx.jpg,NON_NEG
id_6o8uxghy07.jpg,NON_NEG
id_7xb4rrpeg8.jpg,NEG
id_6wynwn4dh2.jpg,NON_NEG
id_ds00655735.jpg,NEG
id_y8d31sm2om.jpg,NON_NEG
id_ty5bbi1tu9.jpg,NEG
id_89gigt6zkx.jpg,NON_NEG
id_6rouz3ponr.jpg,NON_NEG
id_nrospq2nq9.jpg,NON_NEG
id_ostauu4n28.jpg,NON_NEG
id_ww0nb4y3ip.jpg,NON_NEG
id_6b7h3vfzga.jpg,NON_NEG
id_lh8oi3cp68.jpg,NON_NEG
id_ci0ka455ai.jpg,NON_NEG
id_66de5o5tvg.jpg,NEG
id_mnw9sq3242.jpg,NEG
id_3vl2211vbz.jpg,NON_NEG
id_wbxjec4uq4.jpg,NON_NEG
id_kw9p2t8ag8.jpg,NEG
id_lnr74svgl7.jpg,NON_NEG
id_w1fpsp3gx4.jpg,NON_NEG
id_p72rvdno77.jpg,NON_NEG
id_qqbjxsiyfg.jpg,NEG
id_tjffyijxll.jpg,NON_NEG
id_24ax5m76mp.jpg,NON_NEG
id_mbntnhehgx.jpg,NON_NEG
id_b2dehrqcbp.jpg,NEG
id_a966ajjwwd.jpg,NEG
id_hyktm3a5hf.jpg,NON_NEG
id_uy9uh4zzsa.jpg,NON_NEG
id_7xjchgb8ky.jpg,NON_NEG
id_ivac7m1wwl.jpg,NON_NEG
id_dd93idf3kj.jpg,NON_NEG
id_wmytvl7d4d.jpg,NON_NEG
id_wg1m61aklu.jpg,NON_NEG
id_ybnwki6856.jpg,NEG
id_b7oywplcts.jpg,NON_NEG
id_a4e0lls8pq.jpg,NON_NEG
id_zzeqlbyhta.jpg,NON_NEG
id_jr6j9v01a3.jpg,NON_NEG
id_o8adhibofv.jpg,NON_NEG
id_8x0zy7sx26.jpg,NON_NEG
id_nskynnza0w.jpg,NON_NEG
id_jebysn8pfv.jpg,NEG
id_woan4g0lah.jpg,NEG
id_dv121r93h9.jpg,NON_NEG
id_mb6pit0sc2.jpg,NON_NEG
id_yub45xe65d.jpg,NON_NEG
id_zxkkjaaypf.jpg,NON_NEG
id_solxuqssfc.jpg,NON_NEG
id_a9rkx4ees5.jpg,NEG
id_obfhelw1kw.jpg,NON_NEG
id_8wlzhslrkm.jpg,NON_NEG
id_uw43taumnz.jpg,NON_NEG
id_vkeiaj25le.jpg,NON_NEG
id_kh8nptklup.jpg,NON_NEG
id_zh3ynqyzrn.jpg,NON_NEG
id_jav2h1mwhh.jpg,NON_NEG
id_zijog64zvu.jpg,NON_NEG
id_ur3i6bviry.jpg,NON_NEG
id_t5sklk78fx.jpg,NON_NEG
id_rxwc9zuak2.jpg,NON_NEG
id_wmni25iax5.jpg,NON_NEG
id_w49ifn6uep.jpg,NON_NEG
id_isi5v1dbk9.jpg,NON_NEG
id_8hnnet6rw5.jpg,NEG
id_yj3g1rkvdh.jpg,NEG
id_fs91zpm9nx.jpg,NEG
id_5h05d5qkzb.jpg,NEG
id_chtp6rugrz.jpg,NEG
id_xnmvaiwxvw.jpg,NON_NEG
id_ah2ur2rxuu.jpg,NEG
id_5bbz3srksa.jpg,NON_NEG
id_l7r6pgudlv.jpg,NON_NEG
id_apsd1snoaf.jpg,NON_NEG
id_77yvo7djvx.jpg,NON_NEG
id_1760ihasgs.jpg,NON_NEG
id_a4qqajzhve.jpg,NEG
id_uin77hhkwi.jpg,NON_NEG
id_pz8z0fx64f.jpg,NON_NEG
id_gtfif0b9pf.jpg,NON_NEG
id_tngtlh6h0y.jpg,NEG
id_woiqu67mvp.jpg,NON_NEG
id_1jbz5ptqrn.jpg,NEG
id_dmyxhehyfz.jpg,NON_NEG
id_btrtdkgk4r.jpg,NEG
id_zytohx1ml2.jpg,NON_NEG
id_agqhgyjmi4.jpg,NON_NEG
id_ahl2a3kly0.jpg,NON_NEG
id_35qqog54n5.jpg,NON_NEG
id_aa5go0vd7g.jpg,NON_NEG
id_6lcsm4vxs9.jpg,NON_NEG
id_ttaf35684u.jpg,NON_NEG
id_ct9dymciri.jpg,NON_NEG
id_muei6t4km6.jpg,NON_NEG
id_nummv85k20.jpg,NEG
id_s6p2a9lupx.jpg,NEG
id_5h9e9phvpq.jpg,NON_NEG
id_xq95gd2c3q.jpg,NON_NEG
id_trqgxmjszh.jpg,NON_NEG
id_p9klvnbrqa.jpg,NON_NEG
id_vbewu43ih7.jpg,NON_NEG
id_2xqmc5dr2d.jpg,NON_NEG
id_g1b99qysbb.jpg,NEG
id_rmaystltgx.jpg,NEG
id_ybifuopowk.jpg,NON_NEG
id_hczakz2ht6.jpg,NON_NEG
id_jh6051zrho.jpg,NON_NEG
id_8hlgwswkaz.jpg,NON_NEG
id_gzxlbrjcqz.jpg,NON_NEG
id_jnbgok27hr.jpg,NON_NEG
id_6ahfn204xa.jpg,NON_NEG
id_awfjtr8vvt.jpg,NEG
id_orp16gaa1a.jpg,NON_NEG
id_2jg9jwmbnr.jpg,NON_NEG
id_2vypqq561o.jpg,NON_NEG
id_l31xn1dl2d.jpg,NON_NEG
id_hx86rejx52.jpg,NEG
id_fbzk8ozrjy.jpg,NEG
id_jcknbsf9nz.jpg,NON_NEG
id_cn8izt9sxx.jpg,NON_NEG
id_79wbipgniy.jpg,NON_NEG
id_mcgqax48ms.jpg,NON_NEG
id_re82kdee9v.jpg,NON_NEG
id_f3lwmu8kz6.jpg,NON_NEG
id_mahz3x8yer.jpg,NON_NEG
id_dv8abaa6z4.jpg,NON_NEG
id_6y47760yc3.jpg,NON_NEG
id_v9bucwd358.jpg,NEG
id_9e0k789mju.jpg,NON_NEG
id_ahdg00z4an.jpg,NEG
id_x85na3swoi.jpg,NON_NEG
id_rgyp8k6n27.jpg,NON_NEG
id_2bnqgowcv9.jpg,NEG
id_qi0ff7w9eo.jpg,NON_NEG
id_r7rcvu1zc8.jpg,NON_NEG
id_5ro2oj1np6.jpg,NON_NEG
id_042y6d5xok.jpg,NON_NEG
id_h8v6j1quhf.jpg,NEG
id_8qtcm6nlnu.jpg,NON_NEG
id_lc05xjrwua.jpg,NON_NEG
id_kqs05d9uo2.jpg,NEG
id_zw3ez6sob0.jpg,NON_NEG
id_a54kl1wmu0.jpg,NON_NEG
id_8hzfllgbcx.jpg,NON_NEG
id_y4oouilp1y.jpg,NON_NEG
id_rfypxbe2xy.jpg,NON_NEG
id_bk3xyxjp5o.jpg,NEG
id_ghzma8epx3.jpg,NON_NEG
id_dwqh2ur8u2.jpg,NON_NEG
id_mhcyck8v6p.jpg,NEG
id_0nqqhv08dd.jpg,NON_NEG
id_7891re7wf3.jpg,NEG
id_h8al1nu1ms.jpg,NON_NEG
id_4yx3yarc6f.jpg,NON_NEG
id_vjwgi4g98k.jpg,NON_NEG
id_pylk7ydkpf.jpg,NON_NEG
id_yppdrmr66u.jpg,NEG
id_uucqe1kzry.jpg,NON_NEG
id_8pzgnjfb4w.jpg,NON_NEG
id_bwhpbnmo3g.jpg,NON_NEG
id_22hbp9nu1d.jpg,NON_NEG
id_4udkpys1uy.jpg,NON_NEG
id_u8aecxtond.jpg,NON_NEG
id_i4d0ulpq39.jpg,NON_NEG
id_o6e3zps6om.jpg,NEG
id_md6hbufvqv.jpg,NON_NEG
id_pbdbhie2zw.jpg,NEG
id_79yv30hmcb.jpg,NON_NEG
id_j38jcpkqj8.jpg,NON_NEG
id_ohqkm3vdkw.jpg,NON_NEG
id_86la2yhe7i.jpg,NEG
id_pzzkwmfqy0.jpg,NON_NEG
id_9s9ir4tuvj.jpg,NEG
id_sq2vihzxnr.jpg,NON_NEG
id_2jtdlvl3lp.jpg,NON_NEG
id_0iiow811re.jpg,NEG
id_22oz74it19.jpg,NON_NEG
id_5c5fspx4j6.jpg,NEG
id_7288xs7ui3.jpg,NON_NEG
id_jae11mzfte.jpg,NON_NEG
id_4mrzh2eqaa.jpg,NON_NEG
id_u6sobim7pj.jpg,NEG
id_jnpgwdsny5.jpg,NON_NEG
id_472rnl7yp5.jpg,NON_NEG
id_3buznw30g2.jpg,NON_NEG
id_6myrfwoxxj.jpg,NEG
id_i7k81h7ycw.jpg,NON_NEG
id_zj0t0db218.jpg,NON_NEG
id_a1giw49it9.jpg,NON_NEG
id_m52amtpkzq.jpg,NON_NEG
id_n0azwouogh.jpg,NON_NEG
id_d1s9su0qqm.jpg,NON_NEG
id_civ46ivkqz.jpg,NEG
id_iw5eho9kd9.jpg,NON_NEG
id_zxrg6rdgbj.jpg,NON_NEG
id_99802d15ky.jpg,NON_NEG
id_ps5hv8oh6j.jpg,NON_NEG
id_xqvc22teyc.jpg,NON_NEG
id_1kx1qtnqf6.jpg,NON_NEG
id_6ucxprq5x2.jpg,NEG
id_68ro0e0zk7.jpg,NON_NEG
id_th731eigr3.jpg,NEG
id_drhfc44c1s.jpg,NON_NEG
id_jamycww4eq.jpg,NON_NEG
id_k1opxd8t8q.jpg,NON_NEG
id_o84a7by2l6.jpg,NEG
id_es78wt9mu6.jpg,NEG
id_o05jsatndx.jpg,NON_NEG
id_irns9qz3vn.jpg,NON_NEG
id_zoh8donu8w.jpg,NEG
id_7o052j484c.jpg,NON_NEG
id_7fc9zyfy0e.jpg,NON_NEG
id_fn0ubqcu01.jpg,NON_NEG
id_x40f0t94tl.jpg,NON_NEG
id_wbf7r0vube.jpg,NON_NEG
id_rlguw6pnog.jpg,NON_NEG
id_i1a2tpzu7g.jpg,NON_NEG
id_gf1jjrs2ig.jpg,NEG
id_uptn6n2dva.jpg,NEG
id_cistrck71b.jpg,NON_NEG
id_ygr672tp86.jpg,NEG
id_2htv5u7hgi.jpg,NON_NEG
id_vkhurmu7bq.jpg,NEG
id_1tuq23detw.jpg,NON_NEG
id_1bygdd8fvl.jpg,NON_NEG
id_frqmtw32wn.jpg,NEG
id_06xcou9044.jpg,NON_NEG
id_igdinr7vkp.jpg,NON_NEG
id_ka3e5lprop.jpg,NON_NEG
id_qaxkj566w0.jpg,NON_NEG
id_25ecmvg0zq.jpg,NEG
id_nj6huth4i7.jpg,NON_NEG
id_d9cwbkvm5b.jpg,NEG
id_8y0uii4k60.jpg,NON_NEG
id_yseszg2q5n.jpg,NON_NEG
id_uyjlgsajqq.jpg,NON_NEG
id_pemfymkfk5.jpg,NEG
id_31mr88emf3.jpg,NON_NEG
id_i7r9hkhxvx.jpg,NON_NEG
id_dkf59i88hy.jpg,NON_NEG
id_h0p2p4b7ic.jpg,NEG
id_0zb8ctuerr.jpg,NON_NEG
id_4a42vnhjjw.jpg,NON_NEG
id_ekzsnpb7jb.jpg,NON_NEG
id_xyz1j6qrxt.jpg,NON_NEG
id_ic7er132w9.jpg,NON_NEG
id_cwy5zgtr5u.jpg,NON_NEG
id_6x6jk4x7p8.jpg,NON_NEG
id_6je5zm854h.jpg,NON_NEG
id_irgejp4gh9.jpg,NON_NEG
id_3ntywh3ikt.jpg,NEG
id_2i4awt0yrg.jpg,NON_NEG
id_soh15k7lsc.jpg,NON_NEG
id_i1vip0e25k.jpg,NON_NEG
id_81a1c9vp66.jpg,NON_NEG
id_03e6tz6thd.jpg,NON_NEG
id_00m1onu6hj.jpg,NEG
id_oorm6uuagx.jpg,NON_NEG
id_51n7h0tlm2.jpg,NON_NEG
id_2103wau2fd.jpg,NON_NEG
id_u9ifnx7sy7.jpg,NON_NEG
id_mhc2xa1a92.jpg,NON_NEG
id_7zzh2ff8h1.jpg,NON_NEG
id_4ltqff9j1y.jpg,NEG
id_2azsj5a8ey.jpg,NON_NEG
id_ngdidsmt6o.jpg,NON_NEG
id_6zljrrelrz.jpg,NON_NEG
id_aalznnx5q4.jpg,NON_NEG
id_pee9447grd.jpg,NON_NEG
id_bz9mk8i05d.jpg,NON_NEG
id_itvu7kmmg8.jpg,NON_NEG
id_i5pp8c0zob.jpg,NON_NEG
id_tke5283vm6.jpg,NON_NEG
id_c9zfocph2k.jpg,NON_NEG
id_l7e2ewor4n.jpg,NON_NEG
id_14p9n4bif1.jpg,NON_NEG
id_fj0nb1076n.jpg,NON_NEG
id_f3erhvvglc.jpg,NON_NEG
id_3ks08349i5.jpg,NON_NEG
id_pe5g1sn04p.jpg,NON_NEG
id_jvgpbuyjh8.jpg,NON_NEG
id_ztnbn33hah.jpg,NEG
id_nn0ks96g9z.jpg,NON_NEG
id_zqj0o3bdbq.jpg,NON_NEG
id_cw7dlnylrh.jpg,NON_NEG
id_dpgpqtwduq.jpg,NEG
id_8xitu1tpa6.jpg,NEG
id_p31f5p9mlu.jpg,NON_NEG
id_b6aggvh5mo.jpg,NON_NEG
id_44fqfdw5v9.jpg,NON_NEG
id_rltygehmqd.jpg,NON_NEG
id_3t7zv5a85z.jpg,NON_NEG
id_wye73m0b78.jpg,NEG
id_ajrmp0itrk.jpg,NON_NEG
id_9ub13owcl0.jpg,NEG
id_90t410ke2y.jpg,NON_NEG
id_rmr7q7273y.jpg,NEG
id_dnu670to9i.jpg,NON_NEG
id_bglebv723x.jpg,NON_NEG
id_7cahlewdis.jpg,NON_NEG
id_zi10qc2dd6.jpg,NON_NEG
id_xj1a6r2me5.jpg,NON_NEG
id_dxxlfox0zr.jpg,NON_NEG
id_wl9ihgu82j.jpg,NON_NEG
id_2mdvgdkn1d.jpg,NON_NEG
id_zrd7qf09i9.jpg,NON_NEG
id_jiv444vkig.jpg,NEG
id_5l5ws9o6mp.jpg,NEG
id_mtpmujtq22.jpg,NON_NEG
id_y9xmd0vjl6.jpg,NON_NEG
id_x1eirxrbh7.jpg,NON_NEG
id_6ishd40fv0.jpg,NON_NEG
id_tgz14xl388.jpg,NON_NEG
id_dyzqb03otn.jpg,NON_NEG
id_ry9tbx8c3k.jpg,NON_NEG
id_e87rgv9tac.jpg,NEG
id_qwlbeo6f16.jpg,NON_NEG
id_tna29yexxm.jpg,NON_NEG
id_cx0plmjmmf.jpg,NON_NEG
id_2egdgzmq8a.jpg,NON_NEG
id_f1e3aetgv3.jpg,NON_NEG
id_mi9r5l7dp6.jpg,NEG
id_qp1fje9iz6.jpg,NEG
id_lo8bfu4atj.jpg,NON_NEG
id_8808ge2vjf.jpg,NON_NEG
id_im4haid6iq.jpg,NON_NEG
id_b9qlq9zy3e.jpg,NON_NEG
id_6p1vtfrhef.jpg,NON_NEG
id_4l11uzuzj7.jpg,NEG
id_hoa430w9u9.jpg,NON_NEG
id_ypnxjzojts.jpg,NEG
id_lrladi6gkk.jpg,NEG
id_1fwb7m0iil.jpg,NON_NEG
id_mi1fi40efb.jpg,NON_NEG
id_2eoleiqrzn.jpg,NON_NEG
id_vhm5yot631.jpg,NON_NEG
id_31b9tof1dw.jpg,NON_NEG
id_uqlw7y0nad.jpg,NON_NEG
id_2y7oijwzp3.jpg,NEG
id_h054fn3que.jpg,NON_NEG
id_71g0u7vi3w.jpg,NEG
id_bq3qp0cuw2.jpg,NON_NEG
id_5dsw9c9emk.jpg,NEG
id_ukp8w60k2s.jpg,NON_NEG
id_it2s61fo5z.jpg,NON_NEG
id_8jk50ddshk.jpg,NEG
id_8aq7cnhtl5.jpg,NON_NEG
id_louj0gcf6l.jpg,NON_NEG
id_mcxu6pfi5i.jpg,NON_NEG
id_3t3uk40b2i.jpg,NON_NEG
id_f2u9dv5dna.jpg,NON_NEG
id_wbw8heo1g4.jpg,NON_NEG
id_1b9vlj7csf.jpg,NON_NEG
id_pwiv4czvne.jpg,NON_NEG
id_vkasft3kl4.jpg,NON_NEG
id_ipczvfvyo8.jpg,NON_NEG
id_4hzkikux2p.jpg,NON_NEG
id_e9j4btt1o5.jpg,NON_NEG
id_hkuddenq9z.jpg,NEG
id_t0in5kp2t2.jpg,NON_NEG
id_b825unvgyz.jpg,NON_NEG
id_5gudsszz0t.jpg,NON_NEG
id_44y9vdc3r8.jpg,NON_NEG
id_14gsxp9a7x.jpg,NON_NEG
id_tkqnlwx1y5.jpg,NON_NEG
id_995h1vci35.jpg,NON_NEG
id_r1j6w9x8t3.jpg,NEG
id_ijmg0d5jeh.jpg,NON_NEG
id_yqip573e9t.jpg,NON_NEG
id_ds4ypl5bkm.jpg,NEG
id_e5cvk28krq.jpg,NON_NEG
id_no9tx04ly6.jpg,NON_NEG
id_1c7wmuw2j4.jpg,NON_NEG
id_evqoywhh6h.jpg,NON_NEG
id_k50besa0sa.jpg,NON_NEG
id_ef0jw5a0zi.jpg,NON_NEG
id_xyf205iv7p.jpg,NON_NEG
id_ylkz3s8rqh.jpg,NON_NEG
id_gwr0e1k48a.jpg,NON_NEG
id_c9dgk85037.jpg,NON_NEG
id_6qsvomc4yx.jpg,NON_NEG
id_02q5ah1zvq.jpg,NON_NEG
id_7dpe8landj.jpg,NON_NEG
id_v5wnrvdsdd.jpg,NON_NEG
id_d9km9wq3gf.jpg,NON_NEG
id_p5cwsp3ed1.jpg,NON_NEG
id_c986swte59.jpg,NON_NEG
id_s8ky94mac3.jpg,NON_NEG
id_740mx04c77.jpg,NON_NEG
id_7yurhvqp72.jpg,NON_NEG
id_warx3mh4mf.jpg,NON_NEG
id_xpzp4cd0r6.jpg,NON_NEG
id_rbhimh3i2j.jpg,NON_NEG
id_yv6xxz8r7a.jpg,NEG
id_or6r4vtlnf.jpg,NEG
id_dnfho1pole.jpg,NON_NEG
id_lmx17pougj.jpg,NON_NEG
id_q065al6twy.jpg,NON_NEG
id_uajqyx7muw.jpg,NON_NEG
id_cd8t446h76.jpg,NON_NEG
id_w1dk4h5p4w.jpg,NON_NEG
id_jmjgb798ao.jpg,NON_NEG
id_8xjgw2ai4c.jpg,NEG
id_cchwsox6uj.jpg,NON_NEG
id_paeymw05ue.jpg,NEG
id_xnumxmam7g.jpg,NON_NEG
id_mn8un57jgm.jpg,NON_NEG
id_hshi0o26ey.jpg,NON_NEG
id_5e3mzdro2p.jpg,NON_NEG
id_1hn1nakewo.jpg,NON_NEG
id_i6xrirh0zp.jpg,NON_NEG
id_2uc8ow849t.jpg,NON_NEG
id_lrvvhpbhka.jpg,NON_NEG
id_2490duivzq.jpg,NON_NEG
id_4yen0v5laf.jpg,NEG
id_q4pmxshnf8.jpg,NON_NEG
id_64f2jbarhq.jpg,NON_NEG
id_mdkoj7m7p8.jpg,NEG
id_9ru4lmbx6i.jpg,NEG
id_dd10jiejjv.jpg,NON_NEG
id_90gdtlqky1.jpg,NON_NEG
id_2rtwh0u17x.jpg,NON_NEG
id_fwilzwxdl7.jpg,NON_NEG
id_30c0rzxa5r.jpg,NON_NEG
id_n9bze3chic.jpg,NON_NEG
id_hwjtcw6szz.jpg,NEG
id_s0c6s4wzeb.jpg,NON_NEG
id_b8vydytsyy.jpg,NON_NEG
id_238738v2x6.jpg,NEG
id_3uhacauaez.jpg,NON_NEG
id_jkekpnjz4s.jpg,NON_NEG
id_q11nv06wpo.jpg,NEG
id_mjefbfnwe3.jpg,NON_NEG
id_eibgf14l0w.jpg,NON_NEG
id_q9ps3lhn10.jpg,NON_NEG
id_iiyu5chezr.jpg,NON_NEG
id_0051lznyrt.jpg,NON_NEG
id_e1ivdpme15.jpg,NON_NEG
id_dzxgm7pfdb.jpg,NEG
id_krqdzb1axv.jpg,NON_NEG
id_pyc3nq09ky.jpg,NON_NEG
id_ge8bdqarzv.jpg,NEG
id_fo6qh2h8hd.jpg,NON_NEG
id_imaqmpfpit.jpg,NON_NEG
id_7hz734jlky.jpg,NON_NEG
id_bcbnkxsd81.jpg,NON_NEG
id_ek8xk0xvml.jpg,NON_NEG
id_9edpq9kbhm.jpg,NEG
id_b6dl82ccgr.jpg,NON_NEG
id_q4ist54m0j.jpg,NEG
id_wl9krttv9j.jpg,NON_NEG
id_mo2v2kgx60.jpg,NON_NEG
id_lgipcm9ma1.jpg,NON_NEG
id_t3q5efe9zq.jpg,NEG
id_knag3u90ae.jpg,NON_NEG
id_k8a4tal9qj.jpg,NON_NEG
id_28fgvgo4si.jpg,NON_NEG
id_vxva40gwqs.jpg,NON_NEG
id_pvqn6adkwf.jpg,NON_NEG
id_2ownnbdbb3.jpg,NEG
id_ezucmiatlc.jpg,NON_NEG
id_zr4uyveglu.jpg,NON_NEG
id_sjxekgknm1.jpg,NON_NEG
id_sdny6xefmo.jpg,NEG
id_vur0w5rz0n.jpg,NON_NEG
id_0t6kda1fq9.jpg,NON_NEG
id_yl2b1vzgt6.jpg,NON_NEG
id_ftey0pagnu.jpg,NON_NEG
id_5jlm5m4pxl.jpg,NON_NEG
id_zp4mfxd55p.jpg,NON_NEG
id_b3pacb3i8b.jpg,NON_NEG
id_vxvj5iky8o.jpg,NEG
id_nmtvik0q7s.jpg,NON_NEG
id_f8xe9hjcgh.jpg,NON_NEG
id_6932xbbp3f.jpg,NEG
id_finhxovf8v.jpg,NEG
id_b6ud0c4mw4.jpg,NON_NEG
id_dybaweybco.jpg,NON_NEG
id_fuxn7ptfei.jpg,NEG
id_t22c0x2s85.jpg,NON_NEG
id_dntnxbhc94.jpg,NON_NEG
id_dn3ulndjff.jpg,NON_NEG
id_fxbf3av0cu.jpg,NEG
id_trhltvp5vl.jpg,NON_NEG
id_huc4t79iz7.jpg,NON_NEG
id_x7cg2bvicu.jpg,NON_NEG
id_axrk9aq376.jpg,NON_NEG
id_o0767nbs35.jpg,NEG
id_mkvxxar9qw.jpg,NON_NEG
id_tbop9cccoc.jpg,NON_NEG
id_8u5ihtwvz1.jpg,NON_NEG
id_6qvsxn1wp2.jpg,NON_NEG
id_765216z9xz.jpg,NON_NEG
id_xgitrdj6ya.jpg,NON_NEG
id_gf84syfvon.jpg,NON_NEG
id_bu04j7jxbr.jpg,NON_NEG
id_txpf9joop5.jpg,NON_NEG
id_bba8stn84o.jpg,NON_NEG
id_c3knhu1grr.jpg,NON_NEG
id_fna6v0jvmu.jpg,NON_NEG
id_xkhnvnjqoz.jpg,NEG
id_jnnz1xoric.jpg,NON_NEG
id_7wc3vtwhf2.jpg,NON_NEG
id_o194er4y1l.jpg,NON_NEG
id_429y5cnaqh.jpg,NEG
id_u0xldti3vu.jpg,NEG
id_lmnt2187cp.jpg,NON_NEG
id_hbdtseil4x.jpg,NEG
id_x4sl6b0qex.jpg,NON_NEG
id_6p5ikqxn4k.jpg,NEG
id_o6rtnvgsis.jpg,NEG
id_rk4hpq97x5.jpg,NEG
id_wy0dbuvkzz.jpg,NON_NEG
id_oi8ahkxctu.jpg,NON_NEG
id_2guvdtyt7n.jpg,NON_NEG
id_wakdfod10p.jpg,NON_NEG
id_f7dzlbfp75.jpg,NON_NEG
id_d1g42czqeh.jpg,NON_NEG
id_phi9wn0wag.jpg,NEG
id_vttvw22xt6.jpg,NON_NEG
id_ewzclodf3w.jpg,NON_NEG
id_7xrlrzpgys.jpg,NEG
id_r0s7z2xmit.jpg,NEG
id_k5imo1alvb.jpg,NON_NEG
id_tekbdl9zqv.jpg,NON_NEG
id_tbrfcsggso.jpg,NON_NEG
id_35vrd1p9oy.jpg,NEG
id_1quii9fj53.jpg,NEG
id_4svm2mbojb.jpg,NON_NEG
id_qzcz1ssxn7.jpg,NEG
id_4tp8jcxq21.jpg,NON_NEG
id_dolx7khter.jpg,NEG
id_gjecxga7i7.jpg,NEG
id_zrbxgpxuta.jpg,NON_NEG
id_4chm584qky.jpg,NON_NEG
id_0p4yerp4m4.jpg,NEG
id_p0399v663a.jpg,NON_NEG
id_72r8ncpipz.jpg,NON_NEG
id_6crwq6ntmj.jpg,NON_NEG
id_idtsxyybym.jpg,NON_NEG
id_px67dwlw7n.jpg,NON_NEG
id_kw30dj6ngz.jpg,NEG
id_dp411m1vgn.jpg,NON_NEG
id_6ew1o5b678.jpg,NON_NEG
id_v7f4pdivy1.jpg,NON_NEG
id_s91hx9uyin.jpg,NON_NEG
id_kv5qbzseow.jpg,NON_NEG
id_2awozffpn6.jpg,NON_NEG
id_w97av9xnrg.jpg,NEG
id_jtsa3ltfpf.jpg,NON_NEG
id_o02flch5ae.jpg,NON_NEG
id_3l42ck1ho6.jpg,NON_NEG
id_cx8e1i0bit.jpg,NON_NEG
id_xamxreu2mu.jpg,NON_NEG
id_59frfpw8jf.jpg,NON_NEG
id_77jhx8jdu7.jpg,NEG
id_fmzgu9jsg0.jpg,NEG
id_kemmb57ure.jpg,NON_NEG
id_wekmoq2g1y.jpg,NON_NEG
id_qg95y3rm5q.jpg,NON_NEG
id_qd8utyjwm1.jpg,NEG
id_95xdw4rbzb.jpg,NON_NEG
id_nu3iyv45gw.jpg,NON_NEG
id_6c66f8rw3u.jpg,NON_NEG
id_n24hk0g8lw.jpg,NON_NEG
id_cnc06og3d9.jpg,NEG
id_hp91msxiz1.jpg,NON_NEG
id_2oltn8avgm.jpg,NON_NEG
id_otmg6cg1qw.jpg,NON_NEG
id_hh422jifhj.jpg,NEG
id_rjoajtubkw.jpg,NON_NEG
id_bckn6jbmrs.jpg,NEG
id_u2m9q556p4.jpg,NON_NEG
id_j7r1y3vdh0.jpg,NEG
id_ih7q8057fk.jpg,NEG
id_lq3n07hf7o.jpg,NON_NEG
id_y7zwzkefyz.jpg,NEG
id_hvw03xx85y.jpg,NON_NEG
id_g0hsfawllw.jpg,NON_NEG
id_n042qba7uw.jpg,NON_NEG
id_n70defln6p.jpg,NON_NEG
id_08wscq64dl.jpg,NEG
id_k4ly4467l9.jpg,NON_NEG
id_slx9nip6ca.jpg,NEG
id_uszi24qasq.jpg,NON_NEG
id_p5gohtgq2w.jpg,NEG
id_g1zoazocf7.jpg,NON_NEG
id_cp53wexbmw.jpg,NON_NEG
id_81gt3zskth.jpg,NON_NEG
id_tvbwa1bqi5.jpg,NEG
id_dn9224z43v.jpg,NON_NEG
id_8t6w6p09ex.jpg,NON_NEG
id_j0rv01nm8y.jpg,NON_NEG
id_mkjg4vk9hm.jpg,NON_NEG
id_8lm5i3hd8h.jpg,NEG
id_ludahm1p2e.jpg,NON_NEG
id_nlwpwbie4k.jpg,NON_NEG
id_z5y2pw9y27.jpg,NON_NEG
id_nto9rqc4ad.jpg,NON_NEG
id_c36hkm2atp.jpg,NON_NEG
id_vu4t2auz0o.jpg,NEG
id_128kvb3ff5.jpg,NEG
id_rtrgua3sjf.jpg,NON_NEG
id_xaw1ocymzh.jpg,NON_NEG
id_t18vbfzn3g.jpg,NON_NEG
id_ympkzkmzis.jpg,NON_NEG
id_or7yv0u3or.jpg,NON_NEG
id_xeuwa8b3u9.jpg,NON_NEG
id_bbk4pwvuky.jpg,NON_NEG
id_xkutgmoajt.jpg,NON_NEG
id_0vaw9rsiro.jpg,NON_NEG
id_15rb0dgq66.jpg,NON_NEG
id_cio6nhtmh7.jpg,NON_NEG
id_7ggrhk95br.jpg,NON_NEG
id_3wdknzmrxd.jpg,NEG
id_4gtxlyjjqe.jpg,NON_NEG
id_57a65wb4qc.jpg,NON_NEG
id_uyrhfckx30.jpg,NON_NEG
id_rnfmzmotd4.jpg,NEG
id_vap1fogdnd.jpg,NON_NEG
id_whd7oehcii.jpg,NON_NEG
id_jz2qgeskuo.jpg,NEG
id_drb68j9rdd.jpg,NON_NEG
id_unnkln8iec.jpg,NEG
id_m7bag3drhk.jpg,NON_NEG
id_7uza4oo47b.jpg,NON_NEG
id_nk6b8hdvu3.jpg,NON_NEG
id_no1g953uzv.jpg,NON_NEG
id_txtxsx4568.jpg,NON_NEG
id_y77z98nfti.jpg,NEG
id_a0t3sx8hn0.jpg,NON_NEG
id_pz9z939k3e.jpg,NON_NEG
id_sb3xh1b13r.jpg,NEG
id_5zmwwyihmx.jpg,NON_NEG
id_bkmgedflep.jpg,NEG
id_wu45v4wmz6.jpg,NON_NEG
id_rm2xh3h93g.jpg,NON_NEG
id_dwu57mgtcb.jpg,NON_NEG
id_l26n39m98u.jpg,NON_NEG
id_lqhku3aixx.jpg,NEG
id_zf4d11tawa.jpg,NON_NEG
id_thocs6t8ar.jpg,NEG
id_dvq8cek8pf.jpg,NON_NEG
id_lw6ru5mdlf.jpg,NON_NEG
id_ll4auei208.jpg,NON_NEG
id_x716xwuwc3.jpg,NON_NEG
id_tqh6mdgx67.jpg,NON_NEG
id_ban726w8nn.jpg,NON_NEG
id_bjslherpxh.jpg,NON_NEG
id_6bi5nxyooo.jpg,NON_NEG
id_viz4qw2yfd.jpg,NON_NEG
id_pq06urws67.jpg,NON_NEG
id_64xcpxl39j.jpg,NON_NEG
id_cm97nkotcn.jpg,NON_NEG
id_0fdars2kkw.jpg,NON_NEG
id_6bs4zqzvfr.jpg,NON_NEG
id_c85ykg3uy2.jpg,NON_NEG
id_9abnugkxp7.jpg,NON_NEG
id_xjlr1r67j3.jpg,NON_NEG
id_q5gp94b04z.jpg,NON_NEG
id_i96memkp09.jpg,NEG
id_6f7nd1i8b2.jpg,NON_NEG
id_azuiac7sde.jpg,NON_NEG
id_3b6rcw6i03.jpg,NON_NEG
id_ztgh8qmu65.jpg,NON_NEG
id_f9x20qlr6j.jpg,NON_NEG
id_rrxy941wll.jpg,NON_NEG
id_iywf8v7q6u.jpg,NON_NEG
id_fdk43mrkdj.jpg,NON_NEG
id_pqgmfk87uh.jpg,NON_NEG
id_bktdwmg4lm.jpg,NON_NEG
id_gznhmadwx9.jpg,NON_NEG
id_mybttewg33.jpg,NON_NEG
id_0qlxk40xpj.jpg,NON_NEG
id_2c87j10x3o.jpg,NON_NEG
id_ya5fmrff5y.jpg,NON_NEG
id_ft9ux0ypjd.jpg,NON_NEG
id_ygo2yw7w1k.jpg,NON_NEG
id_6k34wx0iqg.jpg,NON_NEG
id_bkzcqdgxil.jpg,NON_NEG
id_osola6o3wc.jpg,NON_NEG
id_nwba60jcii.jpg,NON_NEG
id_t6v3yjgwzk.jpg,NON_NEG
id_f91py41r08.jpg,NON_NEG
id_kei6f1kb78.jpg,NON_NEG
id_calvvsgfft.jpg,NEG
id_3e24re5ruz.jpg,NON_NEG
id_3f52w29cj3.jpg,NON_NEG
id_ml21rj56p1.jpg,NON_NEG
id_7l122v70fp.jpg,NEG
id_vd20o8u43g.jpg,NEG
id_g424o696sq.jpg,NON_NEG
id_xr2wompa5z.jpg,NON_NEG
id_n43eeu01e8.jpg,NON_NEG
id_ypi98wpynt.jpg,NEG
id_mj1u1s4oj3.jpg,NON_NEG
id_odf6n10uaw.jpg,NON_NEG
id_be3z3pusf8.jpg,NON_NEG
id_ptywmrfb4s.jpg,NON_NEG
id_t9xdp2g0nv.jpg,NON_NEG
id_zyki7chovv.jpg,NEG
id_pl1z05n3yh.jpg,NON_NEG
id_si83zg3pm4.jpg,NEG
id_p7x8xwla6y.jpg,NON_NEG
id_1gsflyazao.jpg,NON_NEG
id_tcxf2fyav1.jpg,NON_NEG
id_d98w18ya8i.jpg,NEG
id_gxy2iuz02w.jpg,NON_NEG
id_v85cwr7xz3.jpg,NON_NEG
id_wga5l8jeh5.jpg,NON_NEG
id_rz5gftyagu.jpg,NON_NEG
id_f6eepaj5h3.jpg,NON_NEG
id_i57p7c2p1v.jpg,NON_NEG
id_d7pd07ec8m.jpg,NON_NEG
id_uz5hr1s361.jpg,NON_NEG
id_dywyswudfa.jpg,NON_NEG
id_f8ankpuwfj.jpg,NON_NEG
id_btfcsd8hls.jpg,NON_NEG
id_8d42hrld0o.jpg,NEG
id_xc1iljwdc1.jpg,NON_NEG
id_jvtgghb82r.jpg,NEG
id_j1hoshe71a.jpg,NON_NEG
id_ig7knwebb4.jpg,NEG
id_mxj03w41rd.jpg,NEG
id_4ms2t7jcra.jpg,NON_NEG
id_vmn1yepcxy.jpg,NON_NEG
id_7lync2enge.jpg,NEG
id_rtri28ktxd.jpg,NON_NEG
id_od5ejunse8.jpg,NON_NEG
id_k061rd9uty.jpg,NON_NEG
id_d07juo1wzd.jpg,NON_NEG
id_tytvx6k5jv.jpg,NON_NEG
id_8552jbaoxs.jpg,NON_NEG
id_xijnmw4s0q.jpg,NEG
id_crenkaw87t.jpg,NON_NEG
id_4hqzrht12t.jpg,NON_NEG
id_1zytxz0ocf.jpg,NON_NEG
id_6kboq7k8e0.jpg,NON_NEG
id_ks4su5m3hj.jpg,NON_NEG
id_5n47v6g6pl.jpg,NON_NEG
id_vqx2n5ob5w.jpg,NON_NEG
id_8wd3snpxm6.jpg,NON_NEG
id_l12dc0d0er.jpg,NON_NEG
id_nvvwr0mhdk.jpg,NON_NEG
id_sbru10y5pc.jpg,NON_NEG
id_kzf8dmrzxw.jpg,NON_NEG
id_dmv8raddqz.jpg,NON_NEG
id_ni84jbmadv.jpg,NON_NEG
id_e06b8pq45x.jpg,NEG
id_jytc8dze3v.jpg,NON_NEG
id_v893g6wyj7.jpg,NEG
id_2k4e86s37p.jpg,NON_NEG
id_tgpg2oujnz.jpg,NON_NEG
id_15id07sp94.jpg,NON_NEG
id_o6g0y0lypq.jpg,NEG
id_a02yjsdagb.jpg,NON_NEG
id_zx6qlg4on3.jpg,NON_NEG
id_641yuyjn1f.jpg,NON_NEG
id_05do1czfb1.jpg,NON_NEG
id_4pn3ye9qej.jpg,NON_NEG
id_pjcnupuf4n.jpg,NEG
id_f2ce91v0yl.jpg,NEG
id_bn4dse4zjn.jpg,NON_NEG
id_hz0c1wnk8n.jpg,NEG
id_28rvbnyy8f.jpg,NON_NEG
id_58ee05nnpt.jpg,NON_NEG
id_r83lt9zx3i.jpg,NON_NEG
id_ha3djcnxmf.jpg,NON_NEG
id_iogjzkgo6q.jpg,NON_NEG
id_wyfds8j27f.jpg,NEG
id_849pe4g19b.jpg,NON_NEG
id_1c93ihgovo.jpg,NON_NEG
id_lqh7ff19v7.jpg,NON_NEG
id_yx8m83kug3.jpg,NON_NEG
id_wwpj0dap0o.jpg,NON_NEG
id_6ufqyj3xww.jpg,NEG
id_ojyxvwz9ej.jpg,NON_NEG
id_pjt5yq9hri.jpg,NEG
id_xxmkxro06e.jpg,NON_NEG
id_xmkm4x4h8e.jpg,NON_NEG
id_runfzrtfcb.jpg,NON_NEG
id_c5cazqm2g4.jpg,NON_NEG
id_e70g7gcai0.jpg,NEG
id_9w1dlim8a3.jpg,NON_NEG
id_ulanlfsxbd.jpg,NON_NEG
id_oncp9reumt.jpg,NON_NEG
id_3ldhmqcemh.jpg,NEG
id_b53zrnwb8t.jpg,NON_NEG
id_bilucrhgg3.jpg,NON_NEG
id_jpe9ujl5qm.jpg,NON_NEG
id_nqpnemu007.jpg,NEG
id_ll6n32bfi2.jpg,NON_NEG
id_voxod011d4.jpg,NON_NEG
id_qwp2n5dq5e.jpg,NON_NEG
id_2q16zrra9h.jpg,NEG
id_azy5k0x3v6.jpg,NON_NEG
id_o5828e4afd.jpg,NON_NEG
id_0raf30mfqj.jpg,NON_NEG
id_7awgmgcjl0.jpg,NON_NEG
id_a6cl90trri.jpg,NON_NEG
id_d723oa3cdr.jpg,NON_NEG
id_42hj3q941t.jpg,NEG
id_zizxk7ao1t.jpg,NON_NEG
id_3fj6i0fcgz.jpg,NEG
id_4aawp584q6.jpg,NON_NEG
id_664s1z4rww.jpg,NON_NEG
id_s1jwshnqwd.jpg,NON_NEG
id_ukfbjar9g0.jpg,NON_NEG
id_bgrtbhrlzd.jpg,NON_NEG
id_itctcbipwm.jpg,NON_NEG
id_cx72ioeose.jpg,NON_NEG
id_6qcosplf9t.jpg,NEG
id_3vgfvv3le5.jpg,NEG
id_wyhchzjroz.jpg,NON_NEG
id_9k07hxd85w.jpg,NEG
id_cc2lcr49xv.jpg,NON_NEG
id_lyik8bvy4d.jpg,NON_NEG
id_9yhvr29uux.jpg,NEG
id_2dmtavmwqg.jpg,NON_NEG
id_0nm5i3vtg9.jpg,NON_NEG
id_61c66r6xle.jpg,NEG
id_tnk9ptt8lu.jpg,NON_NEG
id_ycx2r8jx81.jpg,NEG
id_axtl2fhij7.jpg,NON_NEG
id_e8m0hqtp4y.jpg,NON_NEG
id_ajetqytbnc.jpg,NON_NEG
id_dani8xyk6o.jpg,NON_NEG
id_4zl6ew2hx3.jpg,NEG
id_t3iboylcaj.jpg,NON_NEG
id_1j2vtk17ma.jpg,NEG
id_0n11k4le6s.jpg,NON_NEG
id_6l68y440h7.jpg,NON_NEG
id_9kfu39cvnm.jpg,NEG
id_xfyewdqxva.jpg,NON_NEG
id_04z71hekrh.jpg,NON_NEG
id_u7424e0jbz.jpg,NON_NEG
id_j7fm3m1sft.jpg,NEG
id_5wulvyfrzs.jpg,NON_NEG
id_y4net0xm8f.jpg,NON_NEG
id_nmwvx4z566.jpg,NEG
id_vp34nkwhis.jpg,NEG
id_k1y3q4nmpo.jpg,NEG
id_ytq3slqkjm.jpg,NON_NEG
id_jd8wompvyd.jpg,NON_NEG
id_rvxyd3jxz5.jpg,NEG
id_94d4eb0m99.jpg,NON_NEG
id_wkp72a2mr7.jpg,NON_NEG
id_3o7iyhlk1s.jpg,NON_NEG
id_vtppfsimst.jpg,NON_NEG
id_3y6uiusrlb.jpg,NEG
id_75rz28a6pr.jpg,NON_NEG
id_zudn2etltm.jpg,NON_NEG
id_uekd8rvqat.jpg,NEG
id_ou8nzuaktb.jpg,NON_NEG
id_179r8fbkhc.jpg,NON_NEG
id_qec9dha3p5.jpg,NON_NEG
id_p4p38h0ecn.jpg,NON_NEG
id_b2qch6dnh7.jpg,NON_NEG
id_a2myf5oy8r.jpg,NON_NEG
id_ugc3d0uqrm.jpg,NON_NEG
id_yjkfq0goa1.jpg,NON_NEG
id_z57kueqtqr.jpg,NON_NEG
id_zofc0rww9i.jpg,NON_NEG
id_ermxdswvwt.jpg,NON_NEG
id_o0s626fwo8.jpg,NON_NEG
id_x2ecl26zj0.jpg,NON_NEG
id_vv8cybhd9d.jpg,NON_NEG
id_oqzfsk3k6v.jpg,NON_NEG
id_wc1se79we4.jpg,NON_NEG
id_oheo90515w.jpg,NEG
id_0ed0o3sm0b.jpg,NEG
id_ph5yzye70t.jpg,NON_NEG
id_fbn9o8qtp3.jpg,NEG
id_72qnzxl1js.jpg,NON_NEG
id_0nkc2ttx1k.jpg,NON_NEG
id_qwtn0nfizj.jpg,NEG
id_rgr9gbcfqp.jpg,NON_NEG
id_5hw93ewqy9.jpg,NON_NEG
id_eb4ghgzugp.jpg,NON_NEG
id_1mjohdftep.jpg,NON_NEG
id_da9lmt06rf.jpg,NEG
id_wfijblgppj.jpg,NON_NEG
id_ysl8s914k8.jpg,NON_NEG
id_w1ca5aktr5.jpg,NON_NEG
id_ec9cm7uksh.jpg,NEG
id_nu7ub5zz1u.jpg,NEG
id_8mhx93g8j9.jpg,NEG
id_is6qvm3hoj.jpg,NON_NEG
id_ejc71yvhrn.jpg,NEG
id_9cikz22vmm.jpg,NON_NEG
id_cld7vx23qp.jpg,NON_NEG
id_hwtp3ew69m.jpg,NON_NEG
id_757gg6410g.jpg,NEG
id_0c5lr28fpt.jpg,NON_NEG
id_192aqdbme8.jpg,NON_NEG
id_vy2vkz5r7x.jpg,NON_NEG
id_tm52dqb9f8.jpg,NON_NEG
id_w8xnbd5rvm.jpg,NON_NEG
id_kj9vtngvvt.jpg,NON_NEG
id_3t874dlfwd.jpg,NEG
id_i7917bys80.jpg,NEG
id_cruxs39gz0.jpg,NON_NEG
id_u5unhrn82z.jpg,NEG
id_173hd4ne2d.jpg,NEG
id_guwm4dqi5d.jpg,NEG
id_0jxqq647bu.jpg,NON_NEG
id_kmf7t09v58.jpg,NON_NEG
id_za838wdj0r.jpg,NEG
id_5zvm64cikl.jpg,NEG
id_86c102wf47.jpg,NON_NEG
id_ehr2r1ivyw.jpg,NON_NEG
id_vju82tjsha.jpg,NON_NEG
id_a7ja79xa7j.jpg,NON_NEG
id_6hx1jzqypt.jpg,NON_NEG
id_7uvihya5z9.jpg,NON_NEG
id_n5gj9lrszq.jpg,NEG
id_9b0xsy1aba.jpg,NON_NEG
id_x6cxopheyt.jpg,NON_NEG
id_cibbdco6pg.jpg,NON_NEG
id_wxaxv22nhy.jpg,NON_NEG
id_0y6q5ze1j9.jpg,NON_NEG
id_uahmpcvl1r.jpg,NEG
id_evuv8cuw7c.jpg,NON_NEG
id_gzxmn158lv.jpg,NON_NEG
id_rssaiirkbk.jpg,NON_NEG
id_4vwgs6al82.jpg,NON_NEG
id_jd4i30cqy7.jpg,NON_NEG
id_n9kyjxfdd3.jpg,NEG
id_mx54vvhs96.jpg,NEG
id_iutwh8bfqo.jpg,NON_NEG
id_1fmmo9lp14.jpg,NON_NEG
id_v4xxli6iw9.jpg,NON_NEG
id_etxbbkno9c.jpg,NON_NEG
id_3s62f73uqj.jpg,NON_NEG
id_8kgrljo1dk.jpg,NON_NEG
id_dq1i009vsx.jpg,NEG
id_46m3wok9a6.jpg,NON_NEG
id_edv38vgt8j.jpg,NON_NEG
id_jbjr0l6hyr.jpg,NON_NEG
id_jjxh4pnkd0.jpg,NON_NEG
id_iuxcl3pon0.jpg,NON_NEG
id_423v40dw2w.jpg,NON_NEG
id_i7nitsscaw.jpg,NON_NEG
id_6rx338ywb8.jpg,NON_NEG
id_iwkkhl0sfh.jpg,NON_NEG
id_lltmikwiqu.jpg,NON_NEG
id_yrtdn6miil.jpg,NON_NEG
id_xu9ahfbzww.jpg,NON_NEG
id_0wpcmxmisz.jpg,NEG
id_3uyascru4o.jpg,NEG
id_pwgpys7m9w.jpg,NON_NEG
id_ov3tbiyre9.jpg,NON_NEG
id_l2nw094khd.jpg,NEG
id_taszbfxxkp.jpg,NON_NEG
id_pb9amtm9hk.jpg,NON_NEG
id_kkir4tuqai.jpg,NON_NEG
id_2f96ugnp7h.jpg,NON_NEG
id_tsclzap71a.jpg,NEG
id_salkqy08c8.jpg,NON_NEG
id_nbha8pstzp.jpg,NEG
id_cq387i6e2x.jpg,NEG
id_1qq01s8e5q.jpg,NON_NEG
id_23rsmol80e.jpg,NON_NEG
id_yxd1bn2bnt.jpg,NON_NEG
id_fqz06epe0k.jpg,NON_NEG
id_ffc6hl3147.jpg,NON_NEG
id_zd19abdjrt.jpg,NEG
id_wfpa6fgx05.jpg,NON_NEG
id_7toetb6w3d.jpg,NEG
id_1k3gzg0l4j.jpg,NEG
id_yzhkb0zf37.jpg,NON_NEG
id_nm11a5okwl.jpg,NEG
id_tvzkxokqed.jpg,NON_NEG
id_jjl4az6opt.jpg,NON_NEG
id_ybvd4hup42.jpg,NON_NEG
id_sueejj6rn7.jpg,NEG
id_bj8z20mdd8.jpg,NON_NEG
id_ycwcyn9qch.jpg,NON_NEG
id_7py7g7vr2p.jpg,NON_NEG
id_5qe8szb7zh.jpg,NON_NEG
id_lbilkqpgms.jpg,NON_NEG
id_j7nxpufl6z.jpg,NON_NEG
id_uegaayinmp.jpg,NON_NEG
id_pnave1opt9.jpg,NON_NEG
id_8l8zssuabc.jpg,NON_NEG
id_rzbjt4n8ho.jpg,NON_NEG
id_a5vcx22lnz.jpg,NON_NEG
id_sibcqjr3jq.jpg,NON_NEG
id_tsor821au3.jpg,NON_NEG
id_rz1r3n8qie.jpg,NEG
id_da8ntqb2nk.jpg,NON_NEG
id_mf9mik3rpg.jpg,NON_NEG
id_v60cs7d77g.jpg,NON_NEG
id_4vy2wvrrkd.jpg,NON_NEG
id_uv1iu5bsqc.jpg,NON_NEG
id_a2py1fgxsj.jpg,NON_NEG
id_wsaa6sbdao.jpg,NON_NEG
id_ie9392cr9c.jpg,NON_NEG
id_ac7q1ehp23.jpg,NON_NEG
id_7wtgwt24ou.jpg,NEG
id_n7lkbmg09s.jpg,NON_NEG
id_g5e3k0w0df.jpg,NEG
id_ipmba1040m.jpg,NON_NEG
id_fmofpxvw0i.jpg,NON_NEG
id_8471pg3676.jpg,NEG
id_ku6qzemntc.jpg,NEG
id_2fzsen7crd.jpg,NEG
id_8k1du43krn.jpg,NEG
id_gn3pjx02hs.jpg,NON_NEG
id_4dhw2det8j.jpg,NON_NEG
id_qx75hbrn2f.jpg,NON_NEG
id_jdell00c1g.jpg,NON_NEG
id_6oco8htfeu.jpg,NON_NEG
id_oopyu41p8a.jpg,NON_NEG
id_1o3sykpxof.jpg,NEG
id_rl7h228y9y.jpg,NON_NEG
id_3r8qyxxxxc.jpg,NON_NEG
id_hxi5z1l5e7.jpg,NON_NEG
id_md4tpp5ajj.jpg,NEG
id_27p7z4xutu.jpg,NEG
id_5whi7wnd3e.jpg,NON_NEG
id_de9p8bjy6n.jpg,NON_NEG
id_hx2ab922zc.jpg,NEG
id_fyhhh6dymi.jpg,NEG
id_8ny1tq9p51.jpg,NON_NEG
id_4f9wdugdot.jpg,NEG
id_cwf8wkbeu0.jpg,NEG
id_qx3tpu72kt.jpg,NON_NEG
id_cz6tcgqpvw.jpg,NON_NEG
id_usjhoa08w1.jpg,NEG
id_4sqplg397r.jpg,NEG
id_z4qqsoyaky.jpg,NEG
id_rm8d1zznhz.jpg,NON_NEG
id_0fwcplj2bp.jpg,NON_NEG
id_t3it3ae1zq.jpg,NON_NEG
id_tab9842acj.jpg,NEG
id_xc49qafwkt.jpg,NON_NEG
id_s3k19v7ci3.jpg,NON_NEG
id_ogym8qeb4j.jpg,NON_NEG
id_vyaa2w0dpf.jpg,NON_NEG
id_a0vpfvksq7.jpg,NON_NEG
id_5vugns5i4r.jpg,NON_NEG
id_08k6xrc2p8.jpg,NEG
id_1zdxw0y038.jpg,NON_NEG
id_mpd1sr7ws6.jpg,NON_NEG
id_zvipbz5x8l.jpg,NON_NEG
id_nl5asaffj8.jpg,NON_NEG
id_v15t6lc890.jpg,NON_NEG
id_97fz35hieo.jpg,NON_NEG
id_ji16pu2vwn.jpg,NEG
id_5q7uw7so7o.jpg,NON_NEG
id_kpn5i2ky93.jpg,NEG
id_5tdws4u5ip.jpg,NON_NEG
id_ldlcm13alu.jpg,NON_NEG
id_5t3iccynjw.jpg,NON_NEG
id_v3spb2a2cs.jpg,NEG
id_cfwj83y2tk.jpg,NON_NEG
id_310rkvg7k4.jpg,NON_NEG
id_qnlhvhva4z.jpg,NON_NEG
id_z0ptocm475.jpg,NON_NEG
id_4x8jxbdd4k.jpg,NEG
id_pn6iyrdqqz.jpg,NON_NEG
id_uv8zibyt2l.jpg,NON_NEG
id_4r9yajci0x.jpg,NON_NEG
id_xtl771qwo0.jpg,NON_NEG
id_glyh3dol96.jpg,NON_NEG
id_xxxbtkywp4.jpg,NEG
id_rnp8fcintk.jpg,NON_NEG
id_tbasyn4ksn.jpg,NON_NEG
id_6yuhst9gg7.jpg,NEG
id_42hocdouyp.jpg,NON_NEG
id_fjetcvnlj7.jpg,NON_NEG
id_9ak3qi4rzu.jpg,NEG
id_f1532fixpr.jpg,NON_NEG
id_t4y03l1pft.jpg,NON_NEG
id_88ogs3yb2y.jpg,NON_NEG
id_zrnrln03uo.jpg,NON_NEG
id_2thtagu0zp.jpg,NON_NEG
id_y6ox8mggqs.jpg,NON_NEG
id_ck26d4mzr9.jpg,NON_NEG
id_2oa39x5om5.jpg,NON_NEG
id_3j2sa06i6j.jpg,NEG
id_w1vu2dihqx.jpg,NEG
id_s7jtdens1k.jpg,NEG
id_n64pe9af97.jpg,NON_NEG
id_myrvgev04f.jpg,NON_NEG
id_8rsxptmxkc.jpg,NON_NEG
id_suusi5hn1y.jpg,NON_NEG
id_8i960rzke1.jpg,NEG
id_f16ui97i9z.jpg,NON_NEG
id_myj3h2doss.jpg,NON_NEG
id_rsp5gn4rqe.jpg,NON_NEG
id_r6ryexuwul.jpg,NON_NEG
id_dz1cbx2vml.jpg,NON_NEG
id_o17fdaogv5.jpg,NON_NEG
id_yw0ecygo0x.jpg,NON_NEG
id_i6nln3bo7h.jpg,NON_NEG
id_48jgu425jr.jpg,NON_NEG
id_sv9q2kedlr.jpg,NON_NEG
id_j7pjcsdgc9.jpg,NON_NEG
id_tm9d3cl87f.jpg,NON_NEG
id_e8yeykhdnf.jpg,NON_NEG
id_c1ss1bn2ol.jpg,NEG
id_rxyr9eou21.jpg,NON_NEG
id_e7y0uo9taq.jpg,NON_NEG
id_u4xeeoyxac.jpg,NEG
id_rdhtgry0vh.jpg,NON_NEG
id_7obw19n3a4.jpg,NON_NEG
id_x3bqhia7s5.jpg,NON_NEG
id_lpc9b0h4yl.jpg,NON_NEG
id_jpf0zbr7xl.jpg,NEG
id_au0abzw8wd.jpg,NON_NEG
id_1pei05xd2h.jpg,NEG
id_cv1oiyd7a2.jpg,NON_NEG
id_on10x5rbtl.jpg,NON_NEG
id_cjn48ke9b6.jpg,NON_NEG
id_hdpzuf5maf.jpg,NON_NEG
id_gdm8100m5w.jpg,NON_NEG
id_yolqrg3oqx.jpg,NON_NEG
id_0e6vgk7ifa.jpg,NEG
id_op7tgtzfhv.jpg,NEG
id_okasgmhp4o.jpg,NEG
id_3j96zrmwfl.jpg,NON_NEG
id_ovt2v6d93m.jpg,NON_NEG
id_4cgsb6hlt0.jpg,NON_NEG
id_io6mu601ef.jpg,NON_NEG
id_r1awdf8bxw.jpg,NON_NEG
id_qdfa9dw0vs.jpg,NEG
id_q624dnvhoj.jpg,NON_NEG
id_whdrz2dlff.jpg,NON_NEG
id_qicgns95fp.jpg,NON_NEG
id_zu4pa84lst.jpg,NEG
id_l8j7x37xi4.jpg,NEG
id_bdbffq2xe4.jpg,NON_NEG
id_nv1z37dbhe.jpg,NEG
id_4x725n9kau.jpg,NON_NEG
id_fq2fj63h66.jpg,NON_NEG
id_g6f01khasp.jpg,NEG
id_mbw9zidesb.jpg,NEG
id_k9qxb08ool.jpg,NON_NEG
id_o8l2fgsn7v.jpg,NON_NEG
id_9f1y6j5b9d.jpg,NON_NEG
id_y4hmizrj4a.jpg,NEG
id_cgyn1ix1ld.jpg,NON_NEG
id_bfa3bqg6vo.jpg,NON_NEG
id_byo00s7ha5.jpg,NON_NEG
id_qe01v7wsc5.jpg,NON_NEG
id_wxwqqxihii.jpg,NON_NEG
id_ty165y6vot.jpg,NON_NEG
id_g9j9rxm05s.jpg,NON_NEG
id_gl5t1z2m7q.jpg,NON_NEG
id_dfepjtczqt.jpg,NON_NEG
id_afs3jybna0.jpg,NON_NEG
id_e4hhcrr44r.jpg,NON_NEG
id_ks29w27js0.jpg,NON_NEG
id_xisxszxff0.jpg,NON_NEG
id_m3k4pmmra6.jpg,NON_NEG
id_b0omwkxu1c.jpg,NEG
id_v00bbsdplf.jpg,NON_NEG
id_7bbze5cgwz.jpg,NEG
id_jt3jxrtoh6.jpg,NON_NEG
id_vvx40y4z5y.jpg,NON_NEG
id_m5expi6ak1.jpg,NON_NEG
id_qjae1syumg.jpg,NON_NEG
id_h005elaguq.jpg,NON_NEG
id_igebahf2c3.jpg,NEG
id_lrggm29yxz.jpg,NON_NEG
id_y34gsiwy1w.jpg,NON_NEG
id_s48jlwxw0l.jpg,NEG
id_u1l5t7mcgb.jpg,NON_NEG
id_t20n5sypg1.jpg,NON_NEG
id_vfuet24ifh.jpg,NEG
id_8vm0m30yrm.jpg,NON_NEG
id_uc2asw08il.jpg,NON_NEG
id_ssk5wy8qu3.jpg,NEG
id_4201tpw5k7.jpg,NON_NEG
id_qd5a1v9ff0.jpg,NON_NEG
id_da9jjezfca.jpg,NON_NEG
id_1up94xy9oo.jpg,NON_NEG
id_h5p5jtx9x5.jpg,NON_NEG
id_0hy5mky8bl.jpg,NEG
id_1khfg2vetr.jpg,NON_NEG
id_sh1i8dfqsb.jpg,NON_NEG
id_3tctoq9fo0.jpg,NON_NEG
id_5mtjl379ep.jpg,NON_NEG
id_ihia527zhf.jpg,NON_NEG
id_7lir0ghig8.jpg,NEG
id_y4p5l1qob1.jpg,NEG
id_dppfjue3hh.jpg,NON_NEG
id_qie1sfe580.jpg,NEG
id_9c48ivvo8u.jpg,NON_NEG
id_9y8yjazthl.jpg,NON_NEG
id_4xe7v3uzb0.jpg,NON_NEG
id_ug9s5j1du2.jpg,NEG
id_jlv2evbmbn.jpg,NEG
id_jd4a3rrijo.jpg,NON_NEG
id_1b17a0azn0.jpg,NON_NEG
id_wft4oplzxm.jpg,NON_NEG
id_kilinfd1fa.jpg,NON_NEG
id_6ishr7qk71.jpg,NON_NEG
id_u5hxl2tlk3.jpg,NON_NEG
id_bzvu0x3vsx.jpg,NON_NEG
id_kzv47gjj1o.jpg,NON_NEG
id_pvfkzd2ina.jpg,NEG
id_0jkdml9u46.jpg,NEG
id_14dmyb52iw.jpg,NON_NEG
id_q7m74i9e8z.jpg,NON_NEG
id_g7tx57tmol.jpg,NON_NEG
id_2h539a742j.jpg,NON_NEG
id_0pe2aog64j.jpg,NON_NEG
id_cf9s4lwjmi.jpg,NON_NEG
id_dbejsureg7.jpg,NEG
id_3ilebf57xf.jpg,NON_NEG
id_0tcisiqro7.jpg,NON_NEG
id_o7l65x1n2d.jpg,NON_NEG
id_1a8gx4hs0g.jpg,NON_NEG
id_nbwqsl35oj.jpg,NEG
id_fqp4nbwbb9.jpg,NON_NEG
id_abq3trbgwn.jpg,NON_NEG
id_dxlkcvvfr0.jpg,NON_NEG
id_3mdf5uv24g.jpg,NON_NEG
id_qg23pw3qmy.jpg,NEG
id_m1twcayvuf.jpg,NON_NEG
id_wh89qb1gin.jpg,NEG
id_kjpvjdymsv.jpg,NEG
id_a1ladv8a2p.jpg,NON_NEG
id_85rmj6wmkp.jpg,NEG
id_up557b7ks7.jpg,NON_NEG
id_zk5f24dvrh.jpg,NON_NEG
id_sorqha6avz.jpg,NON_NEG
id_zoj1vohkgi.jpg,NON_NEG
id_cj34acrxx6.jpg,NON_NEG
id_h5dl7mzh9m.jpg,NON_NEG
id_so123frpau.jpg,NON_NEG
id_l59ye829l2.jpg,NON_NEG
id_rchm1gugab.jpg,NON_NEG
id_bmhume2w4v.jpg,NON_NEG
id_opv4ymj0ve.jpg,NEG
id_5portdp66t.jpg,NON_NEG
id_bwyusyzpnf.jpg,NON_NEG
id_h8qqp0ylyo.jpg,NON_NEG
id_w8wimdef8o.jpg,NEG
id_ku8hrzuzpt.jpg,NON_NEG
id_beb4eptdn4.jpg,NON_NEG
id_ykdw2stt19.jpg,NON_NEG
id_ymlw1co8bf.jpg,NON_NEG
id_gwialhd3ta.jpg,NON_NEG
id_vxfv34g53d.jpg,NON_NEG
id_gqgci3p1d1.jpg,NON_NEG
id_58rguqh8gv.jpg,NON_NEG
id_b4suxl6wci.jpg,NEG
id_7of43wrmtf.jpg,NON_NEG
id_6hqd8pttoz.jpg,NON_NEG
id_om3yaelfoi.jpg,NON_NEG
id_rjjkcsmkbh.jpg,NON_NEG
id_6vq6pw9ni8.jpg,NON_NEG
id_7m2e9q9vlh.jpg,NON_NEG
id_xbmf4arzt7.jpg,NEG
id_nti3yrdcqd.jpg,NEG
id_h2tt86jakb.jpg,NEG
id_td90d9r5sb.jpg,NON_NEG
id_uafh5h1w2z.jpg,NON_NEG
id_6t3jc3jcbq.jpg,NON_NEG
id_tifbx6v6di.jpg,NON_NEG
id_w19x86t1oj.jpg,NON_NEG
id_jxlf96f18p.jpg,NON_NEG
id_utodcwimjz.jpg,NON_NEG
id_6o8cxplppe.jpg,NON_NEG
id_1swf5kli6h.jpg,NON_NEG
id_pjebjjrlzg.jpg,NON_NEG
id_rqj8je0h6p.jpg,NON_NEG
id_wyvqbie72r.jpg,NON_NEG
id_umt65kai6i.jpg,NEG
id_4c5xn4is4h.jpg,NON_NEG
id_xcv8hacv2o.jpg,NON_NEG
id_dl2kaag27a.jpg,NON_NEG
id_paagq4m97w.jpg,NEG
id_ca3q45a1rs.jpg,NON_NEG
id_j5ky1e5nhf.jpg,NON_NEG
id_a889dhxbwr.jpg,NEG
id_gtlp0w5e4p.jpg,NON_NEG
id_ltbem7hhdt.jpg,NEG
id_nwy9oayw6h.jpg,NON_NEG
id_e7ctpfkatp.jpg,NON_NEG
id_z5y7b1vpjq.jpg,NEG
id_ue5wezctio.jpg,NON_NEG
id_5hvtwgeaz5.jpg,NON_NEG
id_k7k423j4d3.jpg,NON_NEG
id_1s8dabcnsk.jpg,NON_NEG
id_677y2cx30r.jpg,NON_NEG
id_7d5blz7fbp.jpg,NON_NEG
id_n7h937xrhm.jpg,NON_NEG
id_60dosqkwvb.jpg,NON_NEG
id_jxvpr7yder.jpg,NON_NEG
id_gcpuzueyn2.jpg,NON_NEG
id_7c46h00wjj.jpg,NEG
id_ypw54gpn07.jpg,NON_NEG
id_23y2aowilr.jpg,NEG
id_4x6xe60cb3.jpg,NON_NEG
id_w9eksoxa7c.jpg,NEG
id_8qx6r1u3fy.jpg,NEG
id_3qpl646m2a.jpg,NEG
id_ke5rrgjwug.jpg,NON_NEG
id_g374o5b10e.jpg,NON_NEG
id_pqzhdlyuu1.jpg,NON_NEG
id_jf0tdhrt1t.jpg,NON_NEG
id_ydncd7u4x2.jpg,NON_NEG
id_ru8mlt0bhf.jpg,NON_NEG
id_u1kx5pogj7.jpg,NEG
id_rgi4tm8o7f.jpg,NEG
id_cbjaco32lu.jpg,NON_NEG
id_1a6j7t0nuk.jpg,NON_NEG
id_d86k3yxion.jpg,NON_NEG
id_rtsfp3txbj.jpg,NON_NEG
id_0865cnb6wh.jpg,NON_NEG
id_89gbwthdlx.jpg,NON_NEG
id_j80khun6jy.jpg,NON_NEG
id_uo8wn1eskx.jpg,NON_NEG
id_2d9g4htl0c.jpg,NON_NEG
id_uyfm1e4bul.jpg,NON_NEG
id_v5umg2n136.jpg,NON_NEG
id_9f0md3f63e.jpg,NEG
id_8o89xdbv49.jpg,NEG
id_takxmc0c1v.jpg,NON_NEG
id_p24s9ciioq.jpg,NON_NEG
id_anwoop5gmd.jpg,NON_NEG
id_q26vi5tqu8.jpg,NON_NEG
id_o48o7dr2ok.jpg,NON_NEG
id_zlt6gjxes9.jpg,NEG
id_cyd5mhg6xf.jpg,NON_NEG
id_f4qyzzbaiu.jpg,NON_NEG
id_j65mnvpevk.jpg,NON_NEG
id_re74wr6nyy.jpg,NON_NEG
id_n87hn2eg5k.jpg,NON_NEG
id_mbr5v2sscr.jpg,NON_NEG
id_4jfuy5alom.jpg,NON_NEG
id_i08tg8qdmy.jpg,NON_NEG
id_6wu958eu3i.jpg,NON_NEG
id_3fk73q1k08.jpg,NON_NEG
id_zbnnf2a6el.jpg,NON_NEG
id_a55ig980ji.jpg,NON_NEG
id_j1i93ltxls.jpg,NON_NEG
id_n86jp6z489.jpg,NON_NEG
id_spy5q9lu32.jpg,NON_NEG
id_wh6h3q7x0h.jpg,NON_NEG
id_9fsmhgx7ox.jpg,NEG
id_ttzjvq6gq4.jpg,NEG
id_8j285ahjck.jpg,NON_NEG
id_xkra1n5v6n.jpg,NON_NEG
id_b6evlmgz96.jpg,NEG
id_juk9aoyu5e.jpg,NON_NEG
id_3ghwfhaubc.jpg,NEG
id_zey0sdkbta.jpg,NON_NEG
id_g2f1mg6pet.jpg,NON_NEG
id_wq2owxeg15.jpg,NON_NEG
id_a1k6zowbpd.jpg,NEG
id_sgi34ryz73.jpg,NON_NEG
id_9we4hksozh.jpg,NON_NEG
id_p22y45j7qa.jpg,NEG
id_zhwdng1cn6.jpg,NON_NEG
id_os8jopl2gg.jpg,NON_NEG
id_1la6dmk7pp.jpg,NON_NEG
id_4smrjr9f97.jpg,NEG
id_x02kwdf64j.jpg,NON_NEG
id_lm5kx0jj9m.jpg,NON_NEG
id_i20oi7qcal.jpg,NON_NEG
id_ycctsdjzt4.jpg,NON_NEG
id_6vvr4khx3u.jpg,NON_NEG
id_jv0swrkews.jpg,NON_NEG
id_j1h69k1cp2.jpg,NON_NEG
id_u2ycfaq5e0.jpg,NON_NEG
id_eivpqn3l6d.jpg,NON_NEG
id_72qijfyo3z.jpg,NON_NEG
id_y5sidvg3w2.jpg,NON_NEG
id_l2gm2lq80t.jpg,NON_NEG
id_dul3qgs1ka.jpg,NON_NEG
id_93mn7g77of.jpg,NEG
id_dt38kdgl57.jpg,NON_NEG
id_8phqkczdxe.jpg,NON_NEG
id_xgadb0mocl.jpg,NON_NEG
id_593vml8vmx.jpg,NEG
id_otn6v3iz6s.jpg,NEG
id_qqrsca42ls.jpg,NON_NEG
id_powu3799u2.jpg,NON_NEG
id_2srjlvexxe.jpg,NON_NEG
id_sj4q2sn6ru.jpg,NON_NEG
id_u4oj37rgjn.jpg,NEG
id_sgmyn5n4x1.jpg,NON_NEG
id_eolvvnntb2.jpg,NEG
id_ujfwsahx99.jpg,NON_NEG
id_3tc2yi8z3p.jpg,NON_NEG
id_njg6m0iabk.jpg,NON_NEG
id_tcdrnjgx1x.jpg,NON_NEG
id_w0soultvmf.jpg,NON_NEG
id_qkwkp19xl4.jpg,NEG
id_6xbobn7zax.jpg,NON_NEG
id_3jrfzzpntr.jpg,NON_NEG
id_934xzkmbim.jpg,NON_NEG
id_7dyurqpi1w.jpg,NON_NEG
id_1y7nq6js5y.jpg,NON_NEG
id_sdffjpcum4.jpg,NON_NEG
id_4092yxew5k.jpg,NEG
id_kynymsq1wx.jpg,NEG
id_1a7dxmzpid.jpg,NEG
id_ve0fdy554p.jpg,NON_NEG
id_qw2jgodk5m.jpg,NON_NEG
id_1au1qgtxse.jpg,NON_NEG
id_tbep3uhm46.jpg,NEG
id_onz4txmgh4.jpg,NON_NEG
id_yr6p2az9s2.jpg,NON_NEG
id_m3xstkn406.jpg,NEG
id_rabc5okoix.jpg,NEG
id_6wzmt4zao6.jpg,NON_NEG
id_pxg2c45frz.jpg,NON_NEG
id_xdjss95alw.jpg,NON_NEG
id_gzhw6pcek7.jpg,NEG
id_ntgj9z78es.jpg,NEG
id_zc7lu6bdnw.jpg,NEG
id_tbe6fmgu8x.jpg,NON_NEG
id_98cx8pmd9a.jpg,NON_NEG
id_zn6wtlsola.jpg,NON_NEG
id_t57hhd5zxl.jpg,NON_NEG
id_iidcwndfgq.jpg,NON_NEG
id_3p4w3wcgyz.jpg,NON_NEG
id_ul0gai6ouq.jpg,NEG
id_mzvkmz4t95.jpg,NON_NEG
id_b1z4o0mupl.jpg,NON_NEG
id_vqdfqz7k8m.jpg,NON_NEG
id_zpbbw3zfgg.jpg,NON_NEG
id_qpyygsaeuy.jpg,NEG
id_msahpw5zj4.jpg,NON_NEG
id_ktxtsz78z8.jpg,NON_NEG
id_gfk4m33p98.jpg,NEG
id_n9xy45rmxl.jpg,NON_NEG
id_5yazfoieuu.jpg,NON_NEG
id_bauml2h11u.jpg,NON_NEG
id_qkymyhiar6.jpg,NON_NEG
id_bwskj8f0oq.jpg,NON_NEG
id_a5su1bbs3m.jpg,NEG
id_8mdu7mcnah.jpg,NEG
id_qumrcsr04m.jpg,NON_NEG
id_jrppxrh1it.jpg,NON_NEG
id_9lot36mweg.jpg,NON_NEG
id_4a8p6pjb7f.jpg,NON_NEG
id_czxm5m3j20.jpg,NON_NEG
id_8vo13z2ru4.jpg,NON_NEG
id_bz9jyi8f3a.jpg,NON_NEG
id_qwg5ytpnzt.jpg,NON_NEG
id_jt0roeq9yt.jpg,NON_NEG
id_t9l94blq29.jpg,NEG
id_kajz7043su.jpg,NON_NEG
id_cicxy583s3.jpg,NON_NEG
id_7fescoiopt.jpg,NON_NEG
id_u6ileuvpot.jpg,NON_NEG
id_87xjsxnbft.jpg,NON_NEG
id_wfaaba4ix0.jpg,NON_NEG
id_nbs2c32913.jpg,NON_NEG
id_ns0ww9t3ju.jpg,NON_NEG
id_ko5cdwkusi.jpg,NON_NEG
id_8fthc0keoz.jpg,NON_NEG
id_0y7wuu76bp.jpg,NON_NEG
id_78tv1we7kt.jpg,NEG
id_2oee8q6sf2.jpg,NON_NEG
id_7cfbl0wrhc.jpg,NON_NEG
id_wlo6mogc1e.jpg,NEG
id_e4mdst4zi1.jpg,NON_NEG
id_ehv8li5s95.jpg,NON_NEG
id_18vohhd1kx.jpg,NEG
id_3dvqhi5yc2.jpg,NON_NEG
id_st55ki8j98.jpg,NEG
id_64qx6x3ej5.jpg,NON_NEG
id_iiqfo1mbei.jpg,NON_NEG
id_p917fs0zpa.jpg,NON_NEG
id_bf5z9bx9xf.jpg,NON_NEG
id_1c9bm6vnzq.jpg,NON_NEG
id_ar8pmf4mu9.jpg,NEG
id_pa1vxzqq1s.jpg,NON_NEG
id_if0s9kp9hp.jpg,NON_NEG
id_p6omtmwcl1.jpg,NON_NEG
id_9tcast8xai.jpg,NEG
id_z6yuc8xo7x.jpg,NON_NEG
id_8og9rd87b0.jpg,NON_NEG
id_eckk96jx15.jpg,NEG
id_yc2mkkuc3l.jpg,NON_NEG
id_pbdpqt2jkb.jpg,NON_NEG
id_95czgfzjed.jpg,NEG
id_463e9l3otc.jpg,NEG
id_s3r5fljwal.jpg,NEG
id_p0s47hz2hr.jpg,NEG
id_w4tu79ynag.jpg,NON_NEG
id_r19u09ihbi.jpg,NON_NEG
id_8daq3g3gjh.jpg,NON_NEG
id_vdfvv10yri.jpg,NON_NEG
id_56p4v1pz39.jpg,NEG
id_od2xp7zo8f.jpg,NEG
id_yj15i2ns02.jpg,NON_NEG
id_2k88ttgq58.jpg,NON_NEG
id_u68vnc3ig8.jpg,NON_NEG
id_6h82kx4fcs.jpg,NON_NEG
id_izmmd3tjlj.jpg,NON_NEG
id_6eci0xvx2q.jpg,NON_NEG
id_9ug28xrn5a.jpg,NEG
id_zcr4xzttxk.jpg,NON_NEG
id_r4f1nwo0bw.jpg,NON_NEG
id_qbfdrlfc4p.jpg,NEG
id_dtffc5i3ry.jpg,NON_NEG
id_9imv7f4r7j.jpg,NEG
id_h5ju5jauec.jpg,NON_NEG
id_wmh4ltwfqi.jpg,NON_NEG
id_zisf2y2imf.jpg,NEG
id_gz78c646yz.jpg,NON_NEG
id_7tayaxpbyp.jpg,NON_NEG
id_23bcrne856.jpg,NON_NEG
id_ym07ut6s05.jpg,NEG
id_y0xccxbniy.jpg,NON_NEG
id_mqt7hchj4l.jpg,NON_NEG
id_cejqj520dj.jpg,NEG
id_y9i4nt5vqs.jpg,NON_NEG
id_kfs25l5k3u.jpg,NON_NEG
id_t21vjpvac0.jpg,NON_NEG
id_8pfpu7zm2c.jpg,NON_NEG
id_cg82fmj278.jpg,NON_NEG
id_ktkjovp8ey.jpg,NON_NEG
id_fvpi1edl84.jpg,NON_NEG
id_yjirqzklk4.jpg,NEG
id_5twlbmjcbu.jpg,NON_NEG
id_e23dyybn4a.jpg,NON_NEG
id_q944tcfd13.jpg,NON_NEG
id_9va8q05umc.jpg,NEG
id_4nsphuimgx.jpg,NON_NEG
id_bw8mq2lrsq.jpg,NON_NEG
id_lhofz35ncd.jpg,NEG
id_tsrscaopj1.jpg,NON_NEG
id_ja844hs4uq.jpg,NEG
id_0kgwqjdhf8.jpg,NON_NEG
id_h9c7h2pqbz.jpg,NON_NEG
id_x7nd051hom.jpg,NON_NEG
id_fzogq9kijh.jpg,NON_NEG
id_q6r7g45ots.jpg,NEG
id_tu8mibp371.jpg,NON_NEG
id_mtdq5rm30a.jpg,NEG
id_u7grd5cjlv.jpg,NON_NEG
id_4yur9d5ljj.jpg,NEG
id_xmq3awiu9f.jpg,NON_NEG
id_ywek4ncobs.jpg,NON_NEG
id_a36jno79ej.jpg,NON_NEG
id_p0uyhf1k5v.jpg,NON_NEG
id_oo2nu0sea4.jpg,NEG
id_icbsmcklxg.jpg,NON_NEG
id_xlh51gqc5w.jpg,NON_NEG
id_kpma35tyk6.jpg,NON_NEG
id_pmq1hu1e71.jpg,NON_NEG
id_dmomjbyr9c.jpg,NON_NEG
id_s7dmwcr0ll.jpg,NON_NEG
id_ysettfa7qa.jpg,NEG
id_ox6520julh.jpg,NEG
id_aw92rm7opv.jpg,NON_NEG
id_t4mlal96zd.jpg,NEG
id_f4t8wxbbo5.jpg,NON_NEG
id_b3jty66mjo.jpg,NON_NEG
id_tirid4qt68.jpg,NON_NEG
id_49iz62mi4t.jpg,NON_NEG
id_yd3tmwvvgu.jpg,NON_NEG
id_ofrena6jju.jpg,NON_NEG
id_jaqfrsv1ll.jpg,NON_NEG
id_k09p4x3ga2.jpg,NON_NEG
id_yfgqifa1av.jpg,NON_NEG
id_tfby4vopxh.jpg,NON_NEG
id_j8foptaf6f.jpg,NON_NEG
id_5jnsug69k7.jpg,NON_NEG
id_d5zx81l4cf.jpg,NON_NEG
id_6nplbv12t8.jpg,NEG
id_rhu86ye71f.jpg,NEG
id_x6bxreoovp.jpg,NON_NEG
id_a79vcelxje.jpg,NON_NEG
id_sz031pqkfz.jpg,NEG
id_mtaizy0owo.jpg,NEG
id_ecq3iqw0g7.jpg,NON_NEG
id_5gi4m9bua5.jpg,NON_NEG
id_k6mj98vyb6.jpg,NON_NEG
id_frahdlz5n3.jpg,NON_NEG
id_jya1epzane.jpg,NON_NEG
id_gw92o47rqm.jpg,NEG
id_wapo14anb7.jpg,NON_NEG
id_rdy8ijad2a.jpg,NON_NEG
id_w4lwptnmm5.jpg,NEG
id_okva4xz4nj.jpg,NON_NEG
id_qyunwtmja4.jpg,NON_NEG
id_087dra2apu.jpg,NON_NEG
id_ewl7d6bz3w.jpg,NON_NEG
id_1tc1zrc7ou.jpg,NEG
id_ywse1comew.jpg,NEG
id_9j3t60farj.jpg,NON_NEG
id_lafvsvft7n.jpg,NON_NEG
id_7zvlqlp8hc.jpg,NON_NEG
id_bf9ie3pf98.jpg,NEG
id_2wb8wujc6m.jpg,NON_NEG
id_yrg360dtg4.jpg,NON_NEG
id_fptwa0ju08.jpg,NON_NEG
id_s7a4vgmdnv.jpg,NON_NEG
id_mgy2491fg6.jpg,NON_NEG
id_9eocbjfxy5.jpg,NON_NEG
id_j3qigjhe4h.jpg,NON_NEG
id_xahnp3wxin.jpg,NON_NEG
id_9ctex4nrc1.jpg,NON_NEG
id_mr57qqhvl7.jpg,NON_NEG
id_obcwfz1rep.jpg,NON_NEG
id_eikxg44sik.jpg,NEG
id_yqktkut167.jpg,NON_NEG
id_ve2o6f6bl3.jpg,NON_NEG
id_73ldsq47yz.jpg,NON_NEG
id_zdg96srigj.jpg,NON_NEG
id_ikonz599zy.jpg,NON_NEG
id_v2ksyykjks.jpg,NON_NEG
id_okjightpji.jpg,NON_NEG
id_mzq1jmom69.jpg,NON_NEG
id_qa70t0m4yc.jpg,NON_NEG
id_k7fzsbf782.jpg,NON_NEG
id_fb5wan39c2.jpg,NEG
id_auxjdip2ii.jpg,NEG
id_ysqticojg7.jpg,NON_NEG
id_2phbgf1x5m.jpg,NON_NEG
id_q6m64eu8fz.jpg,NON_NEG
id_fn9duuohc1.jpg,NON_NEG
id_cszojbm880.jpg,NEG
id_c7p4fuj4td.jpg,NEG
id_r8e4ncea7f.jpg,NEG
id_t30ii4l4hx.jpg,NON_NEG
id_14vgv91b6d.jpg,NEG
id_5d8m5mngh2.jpg,NEG
id_45dj9gd6p9.jpg,NON_NEG
id_rkks514wms.jpg,NON_NEG
id_ybz383ke13.jpg,NON_NEG
id_6g5d6tt6uv.jpg,NEG
id_7chz2q4dsm.jpg,NON_NEG
id_hh66r62g1x.jpg,NON_NEG
id_7chp4c6ytd.jpg,NON_NEG
id_4qc0qxu5oh.jpg,NON_NEG
id_1hbw0l10vq.jpg,NON_NEG
id_o2inl7kdsn.jpg,NON_NEG
id_pynfbn8bta.jpg,NON_NEG
id_ozlcmypmde.jpg,NEG
id_tl8pf9f3ji.jpg,NON_NEG
id_06yg7qkp5p.jpg,NON_NEG
id_ipfljh1u0i.jpg,NON_NEG
id_ebl0902d3g.jpg,NON_NEG
id_ppw36ovjf6.jpg,NON_NEG
id_qmgzffs4sk.jpg,NON_NEG
id_i87t5gttgo.jpg,NON_NEG
id_apmwvq5z0g.jpg,NON_NEG
id_udvvzz2c23.jpg,NON_NEG
id_rjq12aym8d.jpg,NEG
id_x9r9bg2p69.jpg,NEG
id_xdcjs8cqrt.jpg,NEG
id_3qw0j3f6cr.jpg,NON_NEG
id_kqpsa2jolq.jpg,NEG
id_ayc3orsrcp.jpg,NON_NEG
id_ng8eif5a91.jpg,NON_NEG
id_i5xfsny969.jpg,NON_NEG
id_fzk9jlxeyk.jpg,NON_NEG
id_1uoma12pth.jpg,NON_NEG
id_nwdyg45ujw.jpg,NEG
id_sc5c5snrsr.jpg,NON_NEG
id_hsr14bvrhh.jpg,NON_NEG
id_gfd9gfa0p1.jpg,NON_NEG
id_pms9qxpoz3.jpg,NON_NEG
id_sktaunxklg.jpg,NON_NEG
id_zrwu32lhxm.jpg,NON_NEG
id_goseh2gz8l.jpg,NEG
id_04gtt1v9w0.jpg,NON_NEG
id_7nuznsoz8i.jpg,NEG
id_apn95jbu32.jpg,NON_NEG
id_scmrfuk3wn.jpg,NON_NEG
id_2syrsh98me.jpg,NON_NEG
id_4vizmy7wt8.jpg,NON_NEG
id_ba7sl9f0jh.jpg,NEG
id_3gkn9nq3ft.jpg,NON_NEG
id_jhipj7xv6r.jpg,NON_NEG
id_nv366dqhx7.jpg,NON_NEG
id_sagntmxcpy.jpg,NON_NEG
id_sbp1ghow3b.jpg,NEG
id_hmefmd3ly9.jpg,NON_NEG
id_1csdphjt28.jpg,NON_NEG
id_m2sb3vo43l.jpg,NON_NEG
id_q96oldw5qf.jpg,NON_NEG
id_q5zllac1n2.jpg,NON_NEG
id_ivl68a0hxd.jpg,NON_NEG
id_taz7z5iuzk.jpg,NON_NEG
id_2p2dyhdw1h.jpg,NON_NEG
id_k6lfe6btjw.jpg,NON_NEG
id_8jlhuhhu5y.jpg,NON_NEG
id_bbbzvnmoqd.jpg,NON_NEG
id_6xrrxr01u8.jpg,NON_NEG
id_eldxg2drqi.jpg,NON_NEG
id_3foaoydqtd.jpg,NON_NEG
id_sp3aywnevu.jpg,NON_NEG
id_5fo69ybvee.jpg,NON_NEG
id_z0i61ad0tq.jpg,NON_NEG
id_eerjo3sps4.jpg,NON_NEG
id_4yjwoumza6.jpg,NEG
id_8ki9psqzdy.jpg,NON_NEG
id_d9y1rdlx2x.jpg,NEG
id_paub672i7v.jpg,NON_NEG
id_n5talfnmmk.jpg,NON_NEG
id_0im3d5422y.jpg,NEG
id_kgvspp0gry.jpg,NON_NEG
id_h59fhudgdy.jpg,NEG
id_dhguyr38mj.jpg,NON_NEG
id_ju7yphbf8s.jpg,NON_NEG
id_6fv2qba3z6.jpg,NEG
id_fmv7e6alxw.jpg,NON_NEG
id_tt0yabytpy.jpg,NON_NEG
id_erwxtzu064.jpg,NON_NEG
id_9q15gc4k1j.jpg,NON_NEG
id_ofcgfoieth.jpg,NEG
id_00sirs797x.jpg,NON_NEG
id_joaz112skx.jpg,NEG
id_llogo91lpl.jpg,NON_NEG
id_j7ygf7yy55.jpg,NON_NEG
id_g8q3grlu7l.jpg,NEG
id_xtqwzyzp46.jpg,NON_NEG
id_oop5257e6t.jpg,NEG
id_wumeg8bwk7.jpg,NON_NEG
id_xrugrtgu68.jpg,NON_NEG
id_2na9qxb0s3.jpg,NON_NEG
id_e4124p2abl.jpg,NON_NEG
id_le5mwhewfl.jpg,NON_NEG
id_a0ovpr4cek.jpg,NON_NEG
id_w6d4nfxbxk.jpg,NON_NEG
id_5bvosl2pau.jpg,NON_NEG
id_ms0oyf5nrp.jpg,NON_NEG
id_vqhzarwyqr.jpg,NEG
id_aj6j6z6b5d.jpg,NON_NEG
id_994x5qytoi.jpg,NON_NEG
id_r5pag015rc.jpg,NEG
id_y09j6nxcxr.jpg,NON_NEG
id_u5cxqsylou.jpg,NON_NEG
id_cx3fedu308.jpg,NEG
id_18zr61kc0a.jpg,NON_NEG
id_i5tsin8ztt.jpg,NON_NEG
id_on93ts74lk.jpg,NON_NEG
id_vfdzv7xeny.jpg,NEG
id_dty99488zq.jpg,NON_NEG
id_uhbqlk1fm0.jpg,NON_NEG
id_sioc6tx7qa.jpg,NEG
id_qk46xf80l5.jpg,NON_NEG
id_wjud0pq2bq.jpg,NEG
id_z33io3rw3l.jpg,NEG
id_2ko9sdku24.jpg,NEG
id_84nwjhw546.jpg,NON_NEG
id_v5f29ajik8.jpg,NON_NEG
id_zz4ga0557e.jpg,NON_NEG
id_00n92f65ke.jpg,NEG
id_hfmc4nz2d8.jpg,NON_NEG
id_90g98gxi3p.jpg,NON_NEG
id_80fx2htafa.jpg,NON_NEG
id_fjqdlb0qx2.jpg,NEG
id_amhyoi8k1k.jpg,NON_NEG
id_8lnvvn9bfu.jpg,NON_NEG
id_zv5yup2wb8.jpg,NON_NEG
id_b540wqblm5.jpg,NEG
id_vsyb6kb7ph.jpg,NON_NEG
id_x60tvano76.jpg,NON_NEG
id_1nxpv14qec.jpg,NON_NEG
id_9i9tc82pvz.jpg,NON_NEG
id_a9ioxxzr7b.jpg,NON_NEG
id_dvqq44u2lk.jpg,NEG
id_3d4w4k5oie.jpg,NEG
id_rxur32j6k2.jpg,NON_NEG
id_z7a1xslgf1.jpg,NON_NEG
id_xj5796xv3p.jpg,NON_NEG
id_13m870d7y7.jpg,NON_NEG
id_ld28kcao1t.jpg,NON_NEG
id_xzol5ndj1w.jpg,NEG
id_f3g2pelg02.jpg,NON_NEG
id_wd51nh9072.jpg,NON_NEG
id_j225bk8clg.jpg,NON_NEG
id_w4bl1zidmv.jpg,NEG
id_12folelsam.jpg,NON_NEG
id_xrze4t2gfj.jpg,NON_NEG
id_ui292hgdmi.jpg,NON_NEG
id_2de8i9fwtz.jpg,NON_NEG
id_oxusm6wel3.jpg,NON_NEG
id_auoihg3sqz.jpg,NON_NEG
id_gjkbres5x6.jpg,NON_NEG
id_xr7x8vmwrm.jpg,NON_NEG
id_t6tgbuis2o.jpg,NEG
id_48znynbs76.jpg,NON_NEG
id_o3f1uztk1y.jpg,NON_NEG
id_6vz90clpex.jpg,NON_NEG
id_qmnvk974va.jpg,NON_NEG
id_315zl7hmc7.jpg,NON_NEG
id_7386zmk2bt.jpg,NEG
id_wr8zc7x1y7.jpg,NON_NEG
id_fo5klf8zjn.jpg,NON_NEG
id_zyzk3kgzal.jpg,NON_NEG
id_z0jvwikzzn.jpg,NON_NEG
id_e9fa7im6ye.jpg,NEG
id_m3nl2z99tk.jpg,NON_NEG
id_u3q6jdck4j.jpg,NON_NEG
id_wdbqkk7seq.jpg,NON_NEG
id_1eqjeuvn3r.jpg,NON_NEG
id_i7uenlwoko.jpg,NON_NEG
id_3xidcn77dw.jpg,NON_NEG
id_0uowp1hrs8.jpg,NON_NEG
id_hbn9jizhwv.jpg,NON_NEG
id_i7lffnjj25.jpg,NEG
id_tzxt79u3ec.jpg,NON_NEG
id_u6r8out65h.jpg,NON_NEG
id_kgq7iibxya.jpg,NON_NEG
id_nl3aeas2wu.jpg,NON_NEG
id_sgx9sh269u.jpg,NEG
id_pzhg7e7dl7.jpg,NEG
id_fqogue12ks.jpg,NON_NEG
id_mgjceczucq.jpg,NEG
id_dnzk3am2hb.jpg,NON_NEG
id_3859ak105q.jpg,NEG
id_do5173xzyy.jpg,NEG
id_l6y1brui8o.jpg,NON_NEG
id_h5dvwywlts.jpg,NON_NEG
id_gpkr58skwf.jpg,NON_NEG
id_y5s1futkq1.jpg,NEG
id_fphr5p4fsz.jpg,NEG
id_7ayy2uh8ya.jpg,NON_NEG
id_8bheyvreqw.jpg,NEG
id_1roo39ojs0.jpg,NON_NEG
id_cv5yf1d2ap.jpg,NON_NEG
id_rub1289twm.jpg,NON_NEG
id_3t2pus1e7v.jpg,NON_NEG
id_cn2wq4vf4s.jpg,NON_NEG
id_o5vwqp3uvu.jpg,NEG
id_wcwmkdwrh8.jpg,NON_NEG
id_rgh5wodc14.jpg,NEG
id_nkxib33ovz.jpg,NEG
id_i5gt61xuqg.jpg,NEG
id_gmjzttp90b.jpg,NON_NEG
id_8kyuhiqjke.jpg,NEG
id_8i94n0d7a4.jpg,NON_NEG
id_vbs215pal7.jpg,NEG
id_q0ai9yvqhu.jpg,NON_NEG
id_j6dps1u714.jpg,NON_NEG
id_3jyozt96a3.jpg,NON_NEG
id_7tu387pnrw.jpg,NEG
id_oepc5o47ei.jpg,NON_NEG
id_8u247lbdys.jpg,NON_NEG
id_syl8z4yeda.jpg,NON_NEG
id_e1xm46i1o2.jpg,NEG
id_vdilb74121.jpg,NON_NEG
id_9t9vkxsw2v.jpg,NON_NEG
id_fhjc2rt9p9.jpg,NON_NEG
id_ky200hu7gu.jpg,NON_NEG
id_c402fzufze.jpg,NON_NEG
id_dg0icorzno.jpg,NON_NEG
id_ym2q93cgkd.jpg,NON_NEG
id_b1cv4zcozi.jpg,NON_NEG
id_lwno3s63sf.jpg,NEG
id_r10evc101p.jpg,NEG
id_69sygel4jf.jpg,NON_NEG
id_3rrbg84f29.jpg,NON_NEG
id_1ek659ass2.jpg,NON_NEG
id_s0j53s0m1q.jpg,NON_NEG
id_ehr561dztl.jpg,NON_NEG
id_ityis2xfg7.jpg,NON_NEG
id_42xoemnrj0.jpg,NON_NEG
id_6slg4i26jm.jpg,NON_NEG
id_ejyw8kqbhh.jpg,NON_NEG
id_4037b9wvdd.jpg,NEG
id_rxbhe2y1p5.jpg,NEG
id_moteiws55h.jpg,NON_NEG
id_z9ajsvm7z8.jpg,NON_NEG
id_7slouvzx6e.jpg,NEG
id_oaz02y4w9a.jpg,NON_NEG
id_vvyak3qdrk.jpg,NON_NEG
id_rvq534gcxu.jpg,NON_NEG
id_i9ewptr6hl.jpg,NEG
id_44qx8w0k1s.jpg,NON_NEG
id_fhhizjazmr.jpg,NON_NEG
id_g09rqtsc3e.jpg,NEG
id_988opam1qk.jpg,NON_NEG
id_4sawx3kbqd.jpg,NON_NEG
id_zrs3jxiyuh.jpg,NON_NEG
id_nrikbmlefy.jpg,NON_NEG
id_cx4af02p3e.jpg,NON_NEG
id_cowxu03dw9.jpg,NON_NEG
id_0aortwvs7u.jpg,NON_NEG
id_7adtsd1291.jpg,NON_NEG
id_z69tezcerd.jpg,NON_NEG
id_wld6g6ia74.jpg,NON_NEG
id_ze8tixkhzb.jpg,NON_NEG
id_u1mvhmutq3.jpg,NON_NEG
id_vbxpolp578.jpg,NON_NEG
id_jab106himw.jpg,NON_NEG
id_iwvis93pvf.jpg,NEG
id_fzak256l5q.jpg,NON_NEG
id_ki6qkk13sm.jpg,NON_NEG
id_fa7so7otnt.jpg,NON_NEG
id_0zs0t1687e.jpg,NEG
id_fz7geywf9w.jpg,NON_NEG
id_jdqos1vvns.jpg,NON_NEG
id_qpb79mu7tz.jpg,NON_NEG
id_m64n3f03td.jpg,NON_NEG
id_5hhs711b8f.jpg,NON_NEG
id_t4b5gldbj4.jpg,NON_NEG
id_1iu2nufb9o.jpg,NEG
id_rmvykljmrh.jpg,NEG
id_n9alv46e3p.jpg,NON_NEG
id_6xtb2j7wdf.jpg,NON_NEG
id_pv6ghvn6ox.jpg,NEG
id_7xg4mdx9dp.jpg,NEG
id_nft5mb2uuv.jpg,NON_NEG
id_ytf1wlvfh4.jpg,NEG
id_s7bnjns8iw.jpg,NEG
id_xz3snjmq58.jpg,NON_NEG
id_u2henou6lr.jpg,NON_NEG
id_tf4ojblzfw.jpg,NON_NEG
id_xw52gm3rtq.jpg,NEG
id_d67487fkjp.jpg,NON_NEG
id_uaai20pgbi.jpg,NON_NEG
id_k6lk71lpv8.jpg,NEG
id_egxyidlzzm.jpg,NEG
id_94hukf46kw.jpg,NEG
id_8ndmibwfgl.jpg,NON_NEG
id_mlpsjyacxs.jpg,NON_NEG
id_1gibtfi2n8.jpg,NON_NEG
id_his6jnfg95.jpg,NEG
id_89j9u7kf4s.jpg,NON_NEG
id_29acf4huoi.jpg,NON_NEG
id_8pvg950tez.jpg,NON_NEG
id_q08twpvq9b.jpg,NON_NEG
id_efep7fslyr.jpg,NON_NEG
id_4vt7nmanqm.jpg,NON_NEG
id_vr4m2h9hk7.jpg,NEG
id_wgvmmkfg6y.jpg,NON_NEG
id_s97izku2l8.jpg,NEG
id_d84u8xw1ku.jpg,NON_NEG
id_sqou1jbe9f.jpg,NON_NEG
id_bvqgjt8ssi.jpg,NON_NEG
id_ooauhvoyz2.jpg,NON_NEG
id_rtgzon9vah.jpg,NON_NEG
id_hjueb7k3m7.jpg,NON_NEG
id_kvyempl1oy.jpg,NEG
id_4wlvuiis5r.jpg,NON_NEG
id_8mmn400amu.jpg,NEG
id_its6nknty8.jpg,NON_NEG
id_bsajd1gy4y.jpg,NON_NEG
id_poz5lzruth.jpg,NON_NEG
id_87rt6lehbn.jpg,NON_NEG
id_7s1igj1lcx.jpg,NON_NEG
id_4y1b6jhgue.jpg,NON_NEG
id_b4t0b2fxb1.jpg,NEG
id_1jw2ellyxp.jpg,NON_NEG
id_afv626iamx.jpg,NON_NEG
id_gh76ohnnje.jpg,NON_NEG
id_s18arv2vna.jpg,NON_NEG
id_avyuqt1drr.jpg,NON_NEG
id_3jmeoadh9p.jpg,NON_NEG
id_xk8bd7ne6n.jpg,NON_NEG
id_5r1k5g43dg.jpg,NON_NEG
id_epu9rj5m5k.jpg,NEG
id_jpkgccnx45.jpg,NEG
id_b4lebkzhx4.jpg,NEG
id_nzih31h24i.jpg,NON_NEG
id_vujxg6hcw6.jpg,NON_NEG
id_ia33y02kee.jpg,NON_NEG
id_wbiptb7jlj.jpg,NON_NEG
id_k9x6kvgil7.jpg,NON_NEG
id_c3a6itth3n.jpg,NEG
id_r9eeshhk5p.jpg,NON_NEG
id_adhyjvzpr6.jpg,NON_NEG
id_nvvnargqlh.jpg,NON_NEG
id_147gpcegp6.jpg,NON_NEG
id_d2jlf9zeea.jpg,NEG
id_ofj9ukodtd.jpg,NEG
id_lxutittd8p.jpg,NEG
id_zy9kco874n.jpg,NEG
id_qp1d9kt38e.jpg,NEG
id_xqnjnfja7v.jpg,NEG
id_4zywetm95o.jpg,NON_NEG
id_wjbykqs277.jpg,NEG
id_7lcplrs6uk.jpg,NEG
id_r7zmzf36pp.jpg,NON_NEG
id_f18kaqw9ur.jpg,NON_NEG
id_of4eykgxt5.jpg,NON_NEG
id_xvbj1dpf3d.jpg,NON_NEG
id_dffofz1351.jpg,NON_NEG
id_6x0cyoq1mg.jpg,NEG
id_qhgouwcnov.jpg,NON_NEG
id_6ablzlfc4k.jpg,NEG
id_7fv766z6w1.jpg,NON_NEG
id_sn780dq4g9.jpg,NON_NEG
id_iohrjcek7i.jpg,NON_NEG
id_yvsh2v76mf.jpg,NON_NEG
id_xh6bsru6qy.jpg,NON_NEG
id_4t0hhlzt3y.jpg,NON_NEG
id_6frlu462zt.jpg,NON_NEG
id_5ad2pnllhf.jpg,NEG
id_wihtmauyrd.jpg,NON_NEG
id_azwez513xx.jpg,NON_NEG
id_r9abxdhok9.jpg,NON_NEG
id_3o4v4jggi5.jpg,NON_NEG
id_xv0knrdqj1.jpg,NON_NEG
id_1cmpdwy99x.jpg,NON_NEG
id_wrmry0kbik.jpg,NON_NEG
id_ntmsgqkn54.jpg,NEG
id_vdd7w8jhn7.jpg,NON_NEG
id_o2tnjltinf.jpg,NEG
id_3ooizezk79.jpg,NEG
id_7im9sgklab.jpg,NON_NEG
id_l90j3qhlpz.jpg,NON_NEG
id_qkz8b1sany.jpg,NON_NEG
id_wpqdkmhygg.jpg,NEG
id_2exma4qoag.jpg,NEG
id_bykn68tsxt.jpg,NON_NEG
id_stbn422h95.jpg,NEG
id_5nnpmyknnd.jpg,NON_NEG
id_937jmrnd81.jpg,NON_NEG
id_ypf0ifnc0q.jpg,NON_NEG
id_5md4ghbixz.jpg,NON_NEG
id_1d572clvxz.jpg,NON_NEG
id_ew11if483l.jpg,NON_NEG
id_10vr1y8zmv.jpg,NON_NEG
id_ky1d2ye7jt.jpg,NON_NEG
id_e5xyit0nc8.jpg,NON_NEG
id_bd6gm5l5m1.jpg,NON_NEG
id_6mjcdr5wap.jpg,NON_NEG
id_uzt696gwlz.jpg,NON_NEG
id_s15z5p4sev.jpg,NON_NEG
id_le33k9f4ee.jpg,NON_NEG
id_4urj0kx8zk.jpg,NON_NEG
id_56i6p73cs7.jpg,NEG
id_ps5947okpv.jpg,NON_NEG
id_dv8w9xzrvu.jpg,NON_NEG
id_jewa1kipr1.jpg,NON_NEG
id_oavpuolgcm.jpg,NON_NEG
id_stx1sghla9.jpg,NON_NEG
id_lk8ifex8ko.jpg,NEG
id_u9f214ojg0.jpg,NON_NEG
id_ce4p7z4d0i.jpg,NEG
id_v0frvu3x6x.jpg,NON_NEG
id_0b3uermx1i.jpg,NON_NEG
id_2s7rdefjuk.jpg,NON_NEG
id_bylmx08z0u.jpg,NON_NEG
id_xvn9gnscyi.jpg,NEG
id_o13q8yzl90.jpg,NON_NEG
id_elc0q44423.jpg,NEG
id_4g7ov7nq29.jpg,NON_NEG
id_3vtq93cpm1.jpg,NON_NEG
id_q8l33mekpf.jpg,NON_NEG
id_sngfn4833y.jpg,NON_NEG
id_aj1ww03823.jpg,NEG
id_momy5ulds9.jpg,NEG
id_vwbkg6rwq5.jpg,NEG
id_1dnmj1uf07.jpg,NON_NEG
id_3rwwlb4s55.jpg,NEG
id_bhehsz84lp.jpg,NON_NEG
id_4292twvg9i.jpg,NON_NEG
id_lky8wafrc4.jpg,NEG
id_4p97xqczln.jpg,NON_NEG
id_c7niu309q8.jpg,NON_NEG
id_s32igqw522.jpg,NON_NEG
id_gyoporclq9.jpg,NON_NEG
id_2fnkrnht1g.jpg,NON_NEG
id_v7a1nqldvn.jpg,NON_NEG
id_138trbgjle.jpg,NON_NEG
id_mokfzxqlf2.jpg,NEG
id_v0zwhgxft7.jpg,NON_NEG
id_naa0ehycru.jpg,NEG
id_iak3wsllpb.jpg,NON_NEG
id_8oi9oz3jlb.jpg,NON_NEG
id_dny0rwnv1d.jpg,NON_NEG
id_eles6acbym.jpg,NON_NEG
id_jgst3boko3.jpg,NON_NEG
id_lcvmz854w0.jpg,NEG
id_3mjet6a3g7.jpg,NEG
id_3r4ntzhgct.jpg,NON_NEG
id_qq8luoqft3.jpg,NON_NEG
id_24bwz4ef4j.jpg,NON_NEG
id_heeewh0xxx.jpg,NON_NEG
id_apyr993cph.jpg,NON_NEG
id_yzz09i4p41.jpg,NEG
id_xb7ir0ifz7.jpg,NON_NEG
id_asx2u1dvli.jpg,NON_NEG
id_rzonmr771u.jpg,NON_NEG
id_vkqsqn50v7.jpg,NON_NEG
id_xv3hww0fyh.jpg,NON_NEG
id_rxhutb2u1x.jpg,NEG
id_c85nb996os.jpg,NON_NEG
id_83ft3yit5m.jpg,NON_NEG
id_c6ki8ew327.jpg,NEG
id_a3fboyv5nz.jpg,NON_NEG
id_hwvgrbqd58.jpg,NEG
id_pvd74ryq04.jpg,NON_NEG
id_l0tm7il1xn.jpg,NON_NEG
id_214385oly1.jpg,NON_NEG
id_dls5msrnfl.jpg,NON_NEG
id_ykahz7f9xj.jpg,NEG
id_3ogy541gu5.jpg,NEG
id_qf351w1vbz.jpg,NON_NEG
id_sitas84bp7.jpg,NON_NEG
id_yapyoj4bmf.jpg,NON_NEG
id_k30uophabc.jpg,NEG
id_34aq8uj26d.jpg,NON_NEG
id_rqr7ifphi8.jpg,NON_NEG
id_sho4od6kye.jpg,NON_NEG
id_qvc2le9sm8.jpg,NON_NEG
id_557cyy9hsg.jpg,NON_NEG
id_oa9sz16oqp.jpg,NON_NEG
id_nsaotbdmiw.jpg,NON_NEG
id_sxovmjvddp.jpg,NON_NEG
id_m05pcdzm2h.jpg,NEG
id_8q5u21g42q.jpg,NON_NEG
id_pzudiec59w.jpg,NEG
id_o90y0f3fub.jpg,NEG
id_xb5afdoyfn.jpg,NON_NEG
id_97lags2cjb.jpg,NEG
id_e5rea6wgy6.jpg,NON_NEG
id_4mu183pdsw.jpg,NON_NEG
id_napzy4l85v.jpg,NON_NEG
id_5xruvd0mz6.jpg,NEG
id_1f51u9qkwf.jpg,NEG
id_dpt2paz1zu.jpg,NON_NEG
id_6xiz7ozoa3.jpg,NON_NEG
id_hvu083lxd7.jpg,NON_NEG
id_amk4am9pme.jpg,NON_NEG
id_dkskb44yb6.jpg,NON_NEG
id_hznvwsm7c4.jpg,NEG
id_s5b5n3gvdi.jpg,NON_NEG
id_weda17cono.jpg,NON_NEG
id_qqenuczcvr.jpg,NON_NEG
id_a36aomg01d.jpg,NON_NEG
id_6ttmu9eh7o.jpg,NON_NEG
id_mpmt3ysro0.jpg,NON_NEG
id_g2udzgi4rm.jpg,NEG
id_ur71jhcsy3.jpg,NEG
id_mfcxc19oba.jpg,NON_NEG
id_ek7b8zg1fi.jpg,NON_NEG
id_i4e7nbn42v.jpg,NEG
id_jqpx1ud3i8.jpg,NON_NEG
id_0au7q5gpof.jpg,NON_NEG
id_zobhzfdohf.jpg,NON_NEG
id_yx8coo6b1h.jpg,NON_NEG
id_lubvccxf4e.jpg,NEG
id_w6xbzidh5x.jpg,NEG
id_zb39t8q1ks.jpg,NON_NEG
id_wa37kmythl.jpg,NON_NEG
id_1blijq2mbi.jpg,NON_NEG
id_sv6r21axmd.jpg,NEG
id_8ixgyugm6f.jpg,NON_NEG
id_jxgma66cgq.jpg,NON_NEG
id_3zhfu73bf5.jpg,NON_NEG
id_xe38yhopzh.jpg,NEG
id_r0ojbi6cqf.jpg,NEG
id_p3ukgwz1ck.jpg,NEG
id_7n0g3j6gzk.jpg,NON_NEG
id_yglozxtsmc.jpg,NEG
id_o5gznb9nvm.jpg,NON_NEG
id_dsv96v0wwi.jpg,NON_NEG
id_5h9byqfx7x.jpg,NON_NEG
id_wpvxpubtxt.jpg,NON_NEG
id_hth9rvjbef.jpg,NON_NEG
id_61axoyt1e6.jpg,NON_NEG
id_9lq523bdv9.jpg,NON_NEG
id_hfqqfm9i58.jpg,NON_NEG
id_2uqzaua66d.jpg,NON_NEG
id_9ss76cvsqz.jpg,NON_NEG
id_aq7iaw8mmy.jpg,NON_NEG
id_flts3nx55d.jpg,NON_NEG
id_0s837x6nl4.jpg,NON_NEG
id_6mbplp7r39.jpg,NON_NEG
id_px195triqt.jpg,NON_NEG
id_n0sr00ncp3.jpg,NON_NEG
id_ve8gfvjipv.jpg,NON_NEG
id_zzmhan693n.jpg,NEG
id_18dksu2pcw.jpg,NON_NEG
id_jgdom9rcqd.jpg,NON_NEG
id_unbxbat1t9.jpg,NON_NEG
id_cekl5o8kkx.jpg,NEG
id_y6uqii4ury.jpg,NON_NEG
id_3v12vcyzie.jpg,NON_NEG
id_wsk54xo8a4.jpg,NON_NEG
id_n5wa9hc0pz.jpg,NON_NEG
id_jo0t33cl9t.jpg,NON_NEG
id_3f0rw3ai8d.jpg,NON_NEG
id_wyudls5sh2.jpg,NON_NEG
id_mda73d9z2x.jpg,NON_NEG
id_r60jbxrypx.jpg,NON_NEG
id_e4kauw409x.jpg,NON_NEG
id_h3x6h7cote.jpg,NON_NEG
id_nq17i56sa6.jpg,NON_NEG
id_aph3h8yvsg.jpg,NEG
id_yb303eas8h.jpg,NEG
id_pyhi3dh300.jpg,NON_NEG
id_8tnj74ncng.jpg,NON_NEG
id_kui520ruv4.jpg,NEG
id_0b8bi821b0.jpg,NON_NEG
id_hpkgp7d6gt.jpg,NON_NEG
id_x8jabafqvn.jpg,NON_NEG
id_ntnj17v7b2.jpg,NON_NEG
id_jhmcow8v7w.jpg,NON_NEG
id_nqk03m5nnx.jpg,NEG
id_h1ok5iazab.jpg,NON_NEG
id_9rc7q09zz3.jpg,NEG
id_k1u4ryhj5p.jpg,NEG
id_t4zsobmg62.jpg,NON_NEG
id_twaz7o240a.jpg,NON_NEG
id_u2t8xoxg3v.jpg,NON_NEG
id_bmnoihhg8v.jpg,NON_NEG
id_9sdpy03kw1.jpg,NON_NEG
id_oc5se3b1wo.jpg,NON_NEG
id_624x39bg9o.jpg,NON_NEG
id_z01eiwv0w5.jpg,NEG
id_2dsrqyxky4.jpg,NON_NEG
id_1vnvgm83vx.jpg,NEG
id_dkddf7409v.jpg,NEG
id_m73mz74z8l.jpg,NON_NEG
id_w1no8bho81.jpg,NON_NEG
id_gdd24yvc23.jpg,NON_NEG
id_q7j5izizmt.jpg,NEG
id_rnaoxp2hpr.jpg,NON_NEG
id_4cotsn0obm.jpg,NON_NEG
id_j6w0e75j0y.jpg,NON_NEG
id_apk3ktlcvv.jpg,NEG
id_u7qxp60jz4.jpg,NEG
id_ukpdjukqqy.jpg,NON_NEG
id_b972626rfv.jpg,NEG
id_p9kpi4frkc.jpg,NON_NEG
id_toy30vsdun.jpg,NON_NEG
id_gaymjiq7c5.jpg,NON_NEG
id_xgem47szay.jpg,NON_NEG
id_6nolb218pj.jpg,NON_NEG
id_xznwww9wic.jpg,NON_NEG
id_sr0u23d805.jpg,NON_NEG
id_ml7s0vyb5x.jpg,NON_NEG
id_mrn2bbogx3.jpg,NON_NEG
id_pgndq9rttj.jpg,NON_NEG
id_6sz7oo8vwz.jpg,NON_NEG
id_uvqwula1h9.jpg,NON_NEG
id_eventkcmpa.jpg,NON_NEG
id_o4bhy25yyv.jpg,NON_NEG
id_3baftl81sb.jpg,NON_NEG
id_40f6rz7r0m.jpg,NON_NEG
id_8anae5i5pb.jpg,NEG
id_ko8xjngl6i.jpg,NEG
id_z8li8be85i.jpg,NEG
id_6o6am6gf0i.jpg,NON_NEG
id_3bk7lrozai.jpg,NON_NEG
id_ib8un90os9.jpg,NEG
id_v3x6c5g13w.jpg,NON_NEG
id_q1peizurhd.jpg,NON_NEG
id_pcmsr51olc.jpg,NEG
id_4qz3sqpvrc.jpg,NON_NEG
id_5mns4b58o7.jpg,NON_NEG
id_gtxt36ntes.jpg,NEG
id_ji4eef7ytj.jpg,NEG
id_l42g06sng1.jpg,NON_NEG
id_grg65ljkg0.jpg,NON_NEG
id_mses8aibfu.jpg,NON_NEG
id_upssbn1an2.jpg,NON_NEG
id_052gicowtk.jpg,NON_NEG
id_3wenw321cq.jpg,NON_NEG
id_94h5wxut89.jpg,NON_NEG
id_ih1rjmqr93.jpg,NEG
id_saiwybb23h.jpg,NON_NEG
id_q8g5ptlpha.jpg,NON_NEG
id_g23z3krrpv.jpg,NON_NEG
id_adv10hddfp.jpg,NON_NEG
id_tmtzoe9bns.jpg,NON_NEG
id_h6ojo1ouvi.jpg,NEG
id_vgp6tq0vsk.jpg,NON_NEG
id_geau0p533v.jpg,NON_NEG
id_th6x6dam3m.jpg,NON_NEG
id_2schafkfob.jpg,NON_NEG
id_iecoe7yawd.jpg,NON_NEG
id_m6dwuex9rp.jpg,NON_NEG
id_iwm2km59xp.jpg,NON_NEG
id_nlhs0bubx8.jpg,NON_NEG
id_47vo2z5g0g.jpg,NON_NEG
id_on8sxjlnsc.jpg,NON_NEG
id_e0fxcrm3hg.jpg,NON_NEG
id_fo8ktge3bb.jpg,NON_NEG
id_bwd2w8i876.jpg,NON_NEG
id_r8s34il12m.jpg,NON_NEG
id_i794gee09o.jpg,NON_NEG
id_guo3faqpln.jpg,NEG
id_0qejp3o0q3.jpg,NON_NEG
id_8clbyr304s.jpg,NON_NEG
id_2z7b10z24y.jpg,NEG
id_bc970eavpt.jpg,NON_NEG
id_yath9humn8.jpg,NON_NEG
id_lwf47cz8f3.jpg,NON_NEG
id_8m1fug3x22.jpg,NON_NEG
id_chwvvxnmcm.jpg,NON_NEG
id_eehci9jvxx.jpg,NON_NEG
id_95wqwg2axb.jpg,NEG
id_xa3mozz6v6.jpg,NON_NEG
id_hbviida8th.jpg,NON_NEG
id_c5vt1lql3c.jpg,NON_NEG
id_izbox7ignx.jpg,NEG
id_e3tep47339.jpg,NON_NEG
id_lm9nf5fcgx.jpg,NON_NEG
id_mqc5s9pjph.jpg,NEG
id_v56gzq77v3.jpg,NON_NEG
id_q0kxllm8q2.jpg,NON_NEG
id_wy0y5pi6e8.jpg,NON_NEG
id_cnp5lu5vs6.jpg,NEG
id_zlke6o6meg.jpg,NEG
id_0ra59zawhn.jpg,NON_NEG
id_go3293skxq.jpg,NEG
id_x3l9mxnof9.jpg,NEG
id_c7xs6w7y18.jpg,NON_NEG
id_oeg81pq0yc.jpg,NON_NEG
id_2bkl21rv5l.jpg,NON_NEG
id_6vkj6zvsx2.jpg,NON_NEG
id_du9knnffo5.jpg,NON_NEG
id_ztjixvcmvv.jpg,NEG
id_ox0p3l485r.jpg,NON_NEG
id_bd4mnyrg8q.jpg,NON_NEG
id_ekbcm1s1gc.jpg,NON_NEG
id_b3dellefqq.jpg,NON_NEG
id_xculy3gzpk.jpg,NON_NEG
id_d15oygh6d0.jpg,NON_NEG
id_jql6p27k2j.jpg,NON_NEG
id_ssc5cizh06.jpg,NON_NEG
id_tjffqsn9fg.jpg,NEG
id_241xb0xrzw.jpg,NON_NEG
id_h3iqlbl5qw.jpg,NON_NEG
id_s2xx0ywozw.jpg,NON_NEG
id_9y9nwi32wo.jpg,NEG
id_02kpdbnrfn.jpg,NON_NEG
id_3dienhks1b.jpg,NON_NEG
id_hjz7mrzs0z.jpg,NON_NEG
id_6txm9auids.jpg,NEG
id_9c63zqxmqc.jpg,NEG
id_jmy7nkyt53.jpg,NON_NEG
id_iock3tci5k.jpg,NON_NEG
id_wywjqv3drx.jpg,NON_NEG
id_ws7byownm3.jpg,NEG
id_3su13btien.jpg,NEG
id_dyztcaf9yg.jpg,NON_NEG
id_lcg2ls6e1w.jpg,NON_NEG
id_kw8l0rni9o.jpg,NEG
id_z3kr7goxai.jpg,NON_NEG
id_hv7zhhasr9.jpg,NEG
id_p5tw2fhieq.jpg,NON_NEG
id_86a2zngtjy.jpg,NON_NEG
id_aod3cmzyhq.jpg,NON_NEG
id_k8i7zx22wr.jpg,NON_NEG
id_kdcs4hdyuc.jpg,NON_NEG
id_se8yi2r5qy.jpg,NON_NEG
id_hsrfif6p4z.jpg,NEG
id_c32kaxlce7.jpg,NON_NEG
id_tf1w8yeuoo.jpg,NON_NEG
id_elbnd2zsqa.jpg,NEG
id_e6fjc11pel.jpg,NON_NEG
id_55n7okb0sj.jpg,NON_NEG
id_nz0a4wt2f6.jpg,NON_NEG
id_uea1p68x2j.jpg,NON_NEG
id_tzsjd9livd.jpg,NON_NEG
id_4unf4x5i5l.jpg,NON_NEG
id_r90wmxlo7g.jpg,NON_NEG
id_jiw426j2ks.jpg,NON_NEG
id_emvg4lop84.jpg,NON_NEG
id_1o3fkhtrvp.jpg,NEG
id_0abe9pv80b.jpg,NON_NEG
id_cks4qnxtj9.jpg,NEG
id_bvaau1zc3d.jpg,NON_NEG
id_u8gkyu4gc4.jpg,NON_NEG
id_wzcaa1z5lj.jpg,NON_NEG
id_cqv7kuw7nl.jpg,NON_NEG
id_5qp0v90yti.jpg,NEG
id_qf2vlzrh87.jpg,NON_NEG
id_j2qlimwxp5.jpg,NON_NEG
id_kw4lvihzm3.jpg,NEG
id_vtqdhvqnrx.jpg,NON_NEG
id_8w3b6y2506.jpg,NON_NEG
id_2tldg3fajk.jpg,NON_NEG
id_tffz6u6gqz.jpg,NON_NEG
id_v1glu8ryq3.jpg,NON_NEG
id_f4ho94k592.jpg,NON_NEG
id_pvdijtojcd.jpg,NON_NEG
id_l6grvsyujs.jpg,NON_NEG
id_y0jwpqzjfj.jpg,NON_NEG
id_9z6ajhl5wl.jpg,NON_NEG
id_nm9dy7qpiw.jpg,NEG
id_ynfnpmojzt.jpg,NEG
id_g17ssykwpg.jpg,NEG
id_yzmpc6cgm1.jpg,NON_NEG
id_zvx3olbgqg.jpg,NON_NEG
id_i1cfxjzumf.jpg,NON_NEG
id_mialolbp52.jpg,NON_NEG
id_bjb5cbk3ge.jpg,NON_NEG
id_c6gycr0ll7.jpg,NON_NEG
id_s62lmdpm3n.jpg,NEG
id_yinirldwcz.jpg,NON_NEG
id_ohpxl9iya8.jpg,NON_NEG
id_e9ooxykjur.jpg,NON_NEG
id_3b3ueux5jl.jpg,NON_NEG
id_fhnbuysvme.jpg,NEG
id_ynaojk23vu.jpg,NEG
id_okapnkihwo.jpg,NON_NEG
id_8onibczhy8.jpg,NON_NEG
id_s9u0fh5ysa.jpg,NON_NEG
id_waxbazm5g9.jpg,NEG
id_bjdisdomjc.jpg,NON_NEG
id_zoa6mk680j.jpg,NON_NEG
id_h4ly87ik2t.jpg,NON_NEG
id_5b0jo1djb2.jpg,NON_NEG
id_o32rkj7amd.jpg,NON_NEG
id_xwhehlvj8j.jpg,NON_NEG
id_4wqxt35op6.jpg,NEG
id_ancrafu6a8.jpg,NON_NEG
id_yqa57cx2oi.jpg,NON_NEG
id_ala0xfab1w.jpg,NEG
id_omvesx5h3j.jpg,NON_NEG
id_gjxj3qaqpl.jpg,NON_NEG
id_bqs4luq4kl.jpg,NON_NEG
id_f3orjo1cxc.jpg,NON_NEG
id_ql38plw5dd.jpg,NEG
id_aqra9fml13.jpg,NON_NEG
id_xg7kcidrd9.jpg,NON_NEG
id_7b7849eirn.jpg,NEG
id_qns6tizja0.jpg,NON_NEG
id_drsk9aa1uv.jpg,NON_NEG
id_fgup5b4f0f.jpg,NON_NEG
id_0kpr76faxx.jpg,NON_NEG
id_5mtzjxoohq.jpg,NEG
id_mwq9isyl2m.jpg,NON_NEG
id_g9tqpcbr7y.jpg,NON_NEG
id_mspojv4yet.jpg,NEG
id_nrigd8iz8k.jpg,NON_NEG
id_exyy777j5h.jpg,NON_NEG
id_sk5lr1glyx.jpg,NON_NEG
id_jxks59cugb.jpg,NON_NEG
id_1g71f8npmo.jpg,NON_NEG
id_83p3l4ky24.jpg,NON_NEG
id_ysi2242k6l.jpg,NON_NEG
id_xgk6xr1ein.jpg,NON_NEG
id_38aav4v9kr.jpg,NON_NEG
id_2mfzxl312n.jpg,NON_NEG
id_xnj07fon1v.jpg,NEG
id_mv69uxd7tv.jpg,NON_NEG
id_u0zo11m6nf.jpg,NEG
id_k1h44vf9jo.jpg,NON_NEG
id_5udrklg7is.jpg,NON_NEG
id_6yz2scaw1g.jpg,NON_NEG
id_ylrsd2a6k4.jpg,NON_NEG
id_ir3k1n3khb.jpg,NON_NEG
id_uvrebsccky.jpg,NON_NEG
id_2ngng2qenk.jpg,NON_NEG
id_zg9jc73sf7.jpg,NON_NEG
id_s1c1yln7ab.jpg,NON_NEG
id_j6yric3kmj.jpg,NON_NEG
id_ykxzxannig.jpg,NON_NEG
id_j44lw6vp5j.jpg,NON_NEG
id_hmisp1ouih.jpg,NON_NEG
id_qjmh7o69nh.jpg,NON_NEG
id_ta824awk8u.jpg,NON_NEG
id_bu25nxgvml.jpg,NON_NEG
id_7ge7nlhmfj.jpg,NON_NEG
id_6725ti9py2.jpg,NON_NEG
id_bejugd5hv6.jpg,NON_NEG
id_76gmalcjzr.jpg,NON_NEG
id_nbamhn8mgn.jpg,NON_NEG
id_d3rjv7rlle.jpg,NON_NEG
id_6fbhkyv1rd.jpg,NON_NEG
id_n92yfw6i62.jpg,NON_NEG
id_gnxwxb5s94.jpg,NON_NEG
id_ji8grrkii3.jpg,NON_NEG
id_w5bwdkawp7.jpg,NEG
id_ezd6x40fd0.jpg,NON_NEG
id_39kolpd9ds.jpg,NON_NEG
id_wij48tbsif.jpg,NON_NEG
id_fe3rxq4495.jpg,NON_NEG
id_wczc5k3dwj.jpg,NON_NEG
id_ch6r0g46fr.jpg,NON_NEG
id_y5up27t0bv.jpg,NON_NEG
id_iv1edp9fei.jpg,NON_NEG
id_ukr22a7bqv.jpg,NON_NEG
id_cm79arin5l.jpg,NON_NEG
id_lerj1gx6ts.jpg,NEG
id_d0b50l3j3h.jpg,NON_NEG
id_10bpnyj4yo.jpg,NON_NEG
id_l2hqo127kr.jpg,NEG
id_cqytf678iw.jpg,NON_NEG
id_rxcbbmmhsr.jpg,NON_NEG
id_nrpq9ico0w.jpg,NON_NEG
id_gnkvf07r9a.jpg,NON_NEG
id_jl93f5rtzc.jpg,NON_NEG
id_u1t3vfc35i.jpg,NON_NEG
id_yevaz35ll1.jpg,NON_NEG
id_48rtuhxv2a.jpg,NON_NEG
id_3m4qh3fisx.jpg,NON_NEG
id_z8cd2k37k3.jpg,NON_NEG
id_4p9ymf6p3s.jpg,NON_NEG
id_ajxr3u20aq.jpg,NON_NEG
id_kr733n1tsu.jpg,NON_NEG
id_ugu4m03k1q.jpg,NON_NEG
id_g7s14wkt7k.jpg,NON_NEG
id_tpx8uu3a41.jpg,NEG
id_6ysyw9fm6n.jpg,NON_NEG
id_n63wyp9tsm.jpg,NEG
id_hgbjiahk9e.jpg,NON_NEG
id_yw1obkicmg.jpg,NON_NEG
id_j8cfwxm68t.jpg,NEG
id_trld6lawky.jpg,NON_NEG
id_jsow1t087p.jpg,NON_NEG
id_39au9bafcl.jpg,NON_NEG
id_2wnlcl6zki.jpg,NEG
id_gf10i90gho.jpg,NON_NEG
id_7zviyi4661.jpg,NEG
id_b9i2zz9yug.jpg,NON_NEG
id_40jro80u2f.jpg,NON_NEG
id_5mbjba0hyl.jpg,NON_NEG
id_ctkvvkc84k.jpg,NON_NEG
id_avab75om6e.jpg,NON_NEG
id_v2jm47dges.jpg,NON_NEG
id_serc1thxju.jpg,NON_NEG
id_ry68eljyue.jpg,NEG
id_aabf48tgco.jpg,NON_NEG
id_xya51aeqvv.jpg,NON_NEG
id_oq3gg3n3v0.jpg,NON_NEG
id_2h7p6t9oua.jpg,NON_NEG
id_5a622vw8c8.jpg,NON_NEG
id_dysnz7txri.jpg,NON_NEG
id_tlotno93zp.jpg,NON_NEG
id_dm1yybzxcv.jpg,NON_NEG
id_kc5tmoj1xa.jpg,NON_NEG
id_qgc253vz64.jpg,NON_NEG
id_hw550kq3v2.jpg,NON_NEG
id_8909aolikp.jpg,NON_NEG
id_7e6umy5hxq.jpg,NON_NEG
id_rdosm01ejg.jpg,NON_NEG
id_5ze0v4h9dn.jpg,NON_NEG
id_ga85pu6228.jpg,NON_NEG
id_q18tfhfneh.jpg,NON_NEG
id_244xst7z0v.jpg,NON_NEG
id_epr49kxfdt.jpg,NON_NEG
id_mor89a47be.jpg,NON_NEG
id_jxms9neg6t.jpg,NON_NEG
id_itlhgpe0hv.jpg,NON_NEG
id_stsa6kt4zg.jpg,NON_NEG
id_gizjwk9337.jpg,NON_NEG
id_a22fkexa40.jpg,NON_NEG
id_vscvejj8q3.jpg,NON_NEG
id_4ulp38j9au.jpg,NON_NEG
id_31nj533hx9.jpg,NON_NEG
id_ev4marax0s.jpg,NEG
id_zke3pmbsw3.jpg,NON_NEG
id_k35z1l0erh.jpg,NON_NEG
id_stfkmnroz7.jpg,NON_NEG
id_h5m98vn35i.jpg,NON_NEG
id_h5aemcu1bw.jpg,NON_NEG
id_bjwdnee2tn.jpg,NEG
id_2v40bfhybf.jpg,NON_NEG
id_dfba4zcbnv.jpg,NON_NEG
id_1rhhena707.jpg,NON_NEG
id_crerv70arp.jpg,NON_NEG
id_4oy0q48gau.jpg,NON_NEG
id_j3pzs7v7vu.jpg,NON_NEG
id_zawfmxegk3.jpg,NEG
id_2etdltga5u.jpg,NON_NEG
id_xa4qfbdy8x.jpg,NON_NEG
id_dl55jdjekl.jpg,NON_NEG
id_rvpk6a4kf5.jpg,NON_NEG
id_wi9yt5azpl.jpg,NEG
id_q2xktm7v8n.jpg,NEG
id_piks21idhv.jpg,NON_NEG
id_b8gwvmjynv.jpg,NON_NEG
id_srxz1bv9u1.jpg,NON_NEG
id_brbrxego4q.jpg,NEG
id_41b6pinekf.jpg,NON_NEG
id_er9he7int5.jpg,NEG
id_8rzaof1h8v.jpg,NEG
id_8zzqe9y36l.jpg,NON_NEG
id_dbq52ropeq.jpg,NON_NEG
id_1i2c98t2s2.jpg,NON_NEG
id_6ujuefpy4m.jpg,NON_NEG
id_6d5sf3spyd.jpg,NON_NEG
id_lw70dpk0sh.jpg,NON_NEG
id_rca3opaqnk.jpg,NEG
id_ya8yh53w2z.jpg,NEG
id_c9jz5nh48h.jpg,NON_NEG
id_oy2hyge16t.jpg,NON_NEG
id_zn2rsoxyty.jpg,NON_NEG
id_jdqm7opuy7.jpg,NEG
id_h09ny1a1yb.jpg,NON_NEG
id_js9mm4jvvv.jpg,NON_NEG
id_4xzto225v2.jpg,NON_NEG
id_jr7wvsmv6p.jpg,NEG
id_0ctbvewnlb.jpg,NEG
id_ys614qebea.jpg,NON_NEG
id_7mfpjkr863.jpg,NON_NEG
id_1o2oc7fqs8.jpg,NON_NEG
id_jtj66qpm6l.jpg,NON_NEG
id_a4dlrgudtn.jpg,NON_NEG
id_vc19vccb93.jpg,NEG
id_mvael7b5ar.jpg,NEG
id_atl0090lyr.jpg,NON_NEG
id_m2ibf6zkn9.jpg,NON_NEG
id_1rupkozvqn.jpg,NON_NEG
id_2nr2i8mloj.jpg,NON_NEG
id_qr1ulbpyrp.jpg,NEG
id_vqxavxbgqv.jpg,NON_NEG
id_by7fxgj9jt.jpg,NON_NEG
id_syrh049jtc.jpg,NON_NEG
id_ezu73ddxo7.jpg,NON_NEG
id_bb7xmo0r4q.jpg,NON_NEG
id_w91m8fnf8f.jpg,NON_NEG
id_tdb81ada4s.jpg,NON_NEG
id_ztmiz149m1.jpg,NEG
id_kys9rtr8od.jpg,NON_NEG
id_y6a94b8duk.jpg,NEG
id_9040oaeh2y.jpg,NON_NEG
id_id049s9wmh.jpg,NON_NEG
id_ornzwhm7q0.jpg,NON_NEG
id_54hk016ddp.jpg,NON_NEG
id_9cpyomw8az.jpg,NON_NEG
id_h0qila6p2d.jpg,NEG
id_hmd5mr6xz8.jpg,NON_NEG
id_gshkwenm75.jpg,NON_NEG
id_k84n37u083.jpg,NEG
id_538plh0not.jpg,NEG
id_if8kmiqgac.jpg,NON_NEG
id_zi48l029fz.jpg,NON_NEG
id_zgkbcve9lv.jpg,NON_NEG
id_0s4fhpislz.jpg,NON_NEG
id_b9iyuutsvs.jpg,NEG
id_q5oduazlas.jpg,NON_NEG
id_82q3ero1ss.jpg,NON_NEG
id_qvntgq1ft9.jpg,NON_NEG
id_ck2skvxqtf.jpg,NON_NEG
id_dr88w8c2y9.jpg,NEG
id_ids8sh8fy2.jpg,NEG
id_mpad5rf2pl.jpg,NEG
id_hqv9owolp4.jpg,NON_NEG
id_dgyz75h05y.jpg,NEG
id_q7l2awwq7g.jpg,NON_NEG
id_teng746pbq.jpg,NEG
id_tzv3kvg1go.jpg,NEG
id_y371j6z48n.jpg,NON_NEG
id_18rlj91ysw.jpg,NON_NEG
id_c6hmbeixdl.jpg,NON_NEG
id_3pdu483z6w.jpg,NEG
id_a5y9xgbbvh.jpg,NON_NEG
id_ybqcjorzmq.jpg,NON_NEG
id_qmjzvjtx05.jpg,NON_NEG
id_s6axfrvztf.jpg,NEG
id_cjgaqn1ig6.jpg,NON_NEG
id_4ff79j4gv4.jpg,NON_NEG
id_rvsgqs4tyq.jpg,NEG
id_87ddfyvrdq.jpg,NON_NEG
id_en2wie1orr.jpg,NON_NEG
id_e20xnaq5qn.jpg,NON_NEG
id_gs3jxuriz2.jpg,NON_NEG
id_ixxqgodncy.jpg,NON_NEG
id_oquldbwuzd.jpg,NON_NEG
id_qg7vv0uza5.jpg,NEG
id_bew3639nmo.jpg,NEG
id_rsxudec7t0.jpg,NON_NEG
id_qtp3x4lxeq.jpg,NEG
id_hmaklyr5yf.jpg,NON_NEG
id_tgz9umgtrb.jpg,NEG
id_jf6uwv1x6s.jpg,NON_NEG
id_mereo6283h.jpg,NON_NEG
id_pb2ggni8kd.jpg,NON_NEG
id_f7v2la0a2a.jpg,NON_NEG
id_vejdv8s239.jpg,NEG
id_ur73wn6b2v.jpg,NON_NEG
id_vdchlkv6hv.jpg,NON_NEG
id_fyi5c2t3zz.jpg,NON_NEG
id_f56uxwa2ey.jpg,NON_NEG
id_zhd7abaq5b.jpg,NON_NEG
id_mbcekw2a5j.jpg,NON_NEG
id_09j11tkrz0.jpg,NEG
id_gzsslhreof.jpg,NON_NEG
id_shed4tf2la.jpg,NON_NEG
id_g6ar1rnksy.jpg,NEG
id_dnm28npu2a.jpg,NON_NEG
id_48b1s36zmc.jpg,NON_NEG
id_y87srhljbk.jpg,NON_NEG
id_4kb88jb5qn.jpg,NON_NEG
id_eftvcf9djb.jpg,NON_NEG
id_wv8ze1pfbz.jpg,NON_NEG
id_qi4jzvnm5m.jpg,NON_NEG
id_v51xobxvyk.jpg,NON_NEG
id_4yvnmtppzk.jpg,NON_NEG
id_rej2p9ctyx.jpg,NEG
id_7tgo99b7gy.jpg,NON_NEG
id_fa0b7eyp4x.jpg,NON_NEG
id_ymiklwmq4w.jpg,NEG
id_x8w2chd68q.jpg,NON_NEG
id_5hv8cqn21e.jpg,NON_NEG
id_6qo914wzmz.jpg,NON_NEG
id_rml5lia5ht.jpg,NON_NEG
id_y1beq8c61h.jpg,NON_NEG
id_sillt0ixj9.jpg,NON_NEG
id_fd1zq9xru3.jpg,NON_NEG
id_y534abmcuf.jpg,NON_NEG
id_zb7vnxd02j.jpg,NEG
id_25o9h1nijh.jpg,NEG
id_brfcvq309i.jpg,NEG
id_cq2c1jqghj.jpg,NON_NEG
id_forea5rzdm.jpg,NON_NEG
id_jqcv32ajje.jpg,NON_NEG
id_sjtq84gfgg.jpg,NON_NEG
id_sw89yhwjzj.jpg,NON_NEG
id_ek2s1sn74y.jpg,NEG
id_0pex8jec2z.jpg,NON_NEG
id_h96zith5oz.jpg,NON_NEG
id_cplfsdvezh.jpg,NEG
id_rorqrp67rw.jpg,NEG
id_7c4t2fykmq.jpg,NEG
id_4ljhzdjujw.jpg,NON_NEG
id_b6p1hr8fki.jpg,NEG
id_8ksz34ssgs.jpg,NON_NEG
id_gwogr5758b.jpg,NON_NEG
id_d4uyi0o21d.jpg,NON_NEG
id_yx96nfd1zc.jpg,NEG
id_a91yo855yk.jpg,NON_NEG
id_0trujpdkq3.jpg,NEG
id_vi77yn78t7.jpg,NON_NEG
id_l4ibsbqrm7.jpg,NON_NEG
id_ilmjjeqpcy.jpg,NON_NEG
id_ve7bpb1ouv.jpg,NEG
id_lwlxshxbpn.jpg,NON_NEG
id_dzxsy8l3wb.jpg,NON_NEG
id_xk14c3jnqd.jpg,NEG
id_e5ldneer4h.jpg,NON_NEG
id_n1s432xoz6.jpg,NON_NEG
id_wu1u46zp4e.jpg,NON_NEG
id_94ttbsq54d.jpg,NON_NEG
id_zq1rpui1cu.jpg,NON_NEG
id_7dx8g4mpkk.jpg,NON_NEG
id_9bxnb1p4mr.jpg,NEG
id_zke3rs4zch.jpg,NON_NEG
id_w4pmj05vht.jpg,NEG
id_nq75cvuukz.jpg,NON_NEG
id_y9su4e1u73.jpg,NON_NEG
id_uxekpj58sj.jpg,NON_NEG
id_7g7lj99tg4.jpg,NON_NEG
id_ia6l88m419.jpg,NEG
id_x155heu8am.jpg,NON_NEG
id_kqjm3i0wo2.jpg,NON_NEG
id_5jr2sya1rh.jpg,NON_NEG
id_h3cqvwvr6u.jpg,NEG
id_64ahbhuj75.jpg,NEG
id_oxizzqljst.jpg,NEG
id_zgkogavjc0.jpg,NON_NEG
id_1dx2k1l72r.jpg,NON_NEG
id_o5t15za89r.jpg,NON_NEG
id_xz11exe3sz.jpg,NEG
id_4d24j2jv1q.jpg,NON_NEG
id_5i9ydbo42z.jpg,NON_NEG
id_k2y5tawrb1.jpg,NON_NEG
id_311b3ld96p.jpg,NON_NEG
id_5t3wpy23rc.jpg,NEG
id_jgjz4oz1yf.jpg,NON_NEG
id_10qnuqnk43.jpg,NON_NEG
id_o9lqswex7w.jpg,NON_NEG
id_2iofedt3ce.jpg,NON_NEG
id_83miiqha9f.jpg,NEG
id_3br3wrtadm.jpg,NON_NEG
id_t6lppa8k34.jpg,NON_NEG
id_wpps6sjeg0.jpg,NON_NEG
id_48165276os.jpg,NON_NEG
id_e92tr3rpox.jpg,NON_NEG
id_mkz6mgjjzc.jpg,NEG
id_di2hwdr3ad.jpg,NON_NEG
id_08gqt771w1.jpg,NON_NEG
id_ex08n76fgz.jpg,NEG
id_975ab4djub.jpg,NEG
id_ue9gbift7s.jpg,NON_NEG
id_yidnki55au.jpg,NON_NEG
id_rzktke0dis.jpg,NEG
id_fg59wwz9ul.jpg,NEG
id_488ayirol0.jpg,NON_NEG
id_pyva5ww7pw.jpg,NEG
id_xjgapxux6t.jpg,NON_NEG
id_2h1d4j9ycs.jpg,NEG
id_abm8rsfkq8.jpg,NON_NEG
id_m5m2sdmss5.jpg,NON_NEG
id_dq0b8an5k9.jpg,NEG
id_5j6197s31b.jpg,NEG
id_jev7em1zwj.jpg,NON_NEG
id_ean3bzrxnh.jpg,NEG
id_ski6q2tfhu.jpg,NON_NEG
id_q4gmq63cwr.jpg,NON_NEG
id_3ucv1a3y6v.jpg,NON_NEG
id_dbo8nwd83g.jpg,NON_NEG
id_9x09ltbdkc.jpg,NON_NEG
id_nqxcdgbi6m.jpg,NEG
id_epdgxdr9xf.jpg,NON_NEG
id_43cevf8y4e.jpg,NON_NEG
id_94clgqhvkb.jpg,NON_NEG
id_pb7uazcywu.jpg,NEG
id_kg9r588dse.jpg,NEG
id_4v9uq2euou.jpg,NON_NEG
id_eofa8osfh2.jpg,NON_NEG
id_iisyobbs2a.jpg,NON_NEG
id_aviegh5t3l.jpg,NEG
id_hdtbfpw8hd.jpg,NEG
id_70410nqms2.jpg,NON_NEG
id_su5dgfzka9.jpg,NEG
id_4rut0xcvto.jpg,NEG
id_bi8v0g07ed.jpg,NEG
id_jk98sl3hte.jpg,NEG
id_7v191des6a.jpg,NON_NEG
id_8rey0fnt6i.jpg,NON_NEG
id_cr74lxyfv2.jpg,NON_NEG
id_rcmgx74i4g.jpg,NON_NEG
id_pvnlqw6p53.jpg,NEG
id_z92kgzdl9u.jpg,NON_NEG
id_ovbzav9np3.jpg,NON_NEG
id_3so9xbd0zs.jpg,NEG
id_bt2zp2gbmn.jpg,NON_NEG
id_npy4q47cg3.jpg,NON_NEG
id_3dsooo0pib.jpg,NEG
id_ceuljcmyzs.jpg,NON_NEG
id_x23gldl9jf.jpg,NEG
id_ntb0vmduwc.jpg,NON_NEG
id_tuiwsxil2e.jpg,NON_NEG
id_z2turpwk8k.jpg,NON_NEG
id_8ffk8vs3j6.jpg,NEG
id_x100rjz4qt.jpg,NEG
id_1mtylu1ls9.jpg,NON_NEG
id_xkze0fyt06.jpg,NON_NEG
id_0v91pruf44.jpg,NON_NEG
id_0twzw46shu.jpg,NON_NEG
id_gwr2hg1v73.jpg,NEG
id_i6e0zg17ui.jpg,NON_NEG
id_by6e6shi2z.jpg,NON_NEG
id_te8l04zfrd.jpg,NON_NEG
id_i8qcpi8ey9.jpg,NON_NEG
id_z7s5bijjye.jpg,NON_NEG
id_34bm0uo95m.jpg,NON_NEG
id_njgy63grdy.jpg,NON_NEG
id_65ynrqwcj6.jpg,NEG
id_a96tr56uiq.jpg,NON_NEG
id_7jre81rq19.jpg,NON_NEG
id_n8wsk14z03.jpg,NEG
id_w3mdsc9m5d.jpg,NON_NEG
id_p7gbkw6fac.jpg,NON_NEG
id_e08xvfvfio.jpg,NON_NEG
id_3uvuspqr6q.jpg,NON_NEG
id_eqbod0pw8m.jpg,NEG
id_og5x0uny64.jpg,NON_NEG
id_mnm2l0p6hc.jpg,NON_NEG
id_lc8mvop645.jpg,NEG
id_zd9te4gh5e.jpg,NON_NEG
id_j9ze2sl046.jpg,NEG
id_stm3nyj9ce.jpg,NEG
id_mbvh28buo4.jpg,NON_NEG
id_jkfuq49s29.jpg,NON_NEG
id_ht9al7r63u.jpg,NEG
id_k733p5zcpu.jpg,NON_NEG
id_68203pocni.jpg,NON_NEG
id_rpm8vl68k1.jpg,NON_NEG
id_7jrwj14xhk.jpg,NON_NEG
id_bnvr68207x.jpg,NEG
id_tk8fwls153.jpg,NON_NEG
id_bvrhd35ny4.jpg,NON_NEG
id_8lp7npu7k8.jpg,NON_NEG
id_ayn5pj44ha.jpg,NON_NEG
id_ckx8tmwxuy.jpg,NEG
id_zk8eb6loj1.jpg,NEG
id_wqn3kwf0zq.jpg,NON_NEG
id_twwaddwz7l.jpg,NON_NEG
id_xta54zhag7.jpg,NEG
id_apji4r6dlw.jpg,NON_NEG
id_rm1127enb2.jpg,NEG
id_80ji3466vc.jpg,NEG
id_peft8cak3r.jpg,NEG
id_jpbv9c66n5.jpg,NON_NEG
id_lvd73frjuz.jpg,NON_NEG
id_5gvjtx72rm.jpg,NON_NEG
id_hdqd25rput.jpg,NEG
id_6p7g042n86.jpg,NON_NEG
id_p6jzeg98wl.jpg,NON_NEG
id_tp5y102x1n.jpg,NEG
id_q3dcnmvrsh.jpg,NEG
id_1eyhxi1cth.jpg,NEG
id_evrlz42tqd.jpg,NON_NEG
id_6t84fx7mp0.jpg,NEG
id_ss5smalggg.jpg,NON_NEG
id_762ieaotcd.jpg,NEG
id_l4ygezm1m9.jpg,NEG
id_s8265awk6h.jpg,NON_NEG
id_ba5ummmm7b.jpg,NEG
id_ukvoux4zcj.jpg,NEG
id_1fvnn1roz4.jpg,NON_NEG
id_kmbd2zc1v6.jpg,NEG
id_m0272ogw01.jpg,NON_NEG
id_zk2xv9sz2p.jpg,NON_NEG
id_did8896b03.jpg,NEG
id_y3l33g7q3c.jpg,NEG
id_qp6w3lkwpw.jpg,NON_NEG
id_et3df5wqcz.jpg,NON_NEG
id_2krvxl0jl6.jpg,NON_NEG
id_li63u65zdf.jpg,NON_NEG
id_jt20t8uy30.jpg,NON_NEG
id_f8hkv2boj5.jpg,NON_NEG
id_gdfhyyqol6.jpg,NON_NEG
id_9fyjq1ibpx.jpg,NON_NEG
id_7iz01io2rm.jpg,NON_NEG
id_x2x9clqztg.jpg,NON_NEG
id_5j081ouizh.jpg,NEG
id_mxwpb51i2g.jpg,NON_NEG
id_dpgppseuw7.jpg,NON_NEG
id_jl00t8s5wn.jpg,NON_NEG
id_l8fx3stv27.jpg,NON_NEG
id_mkpnrd5p32.jpg,NON_NEG
id_xi59tlcn6o.jpg,NON_NEG
id_yeyr4tw19i.jpg,NEG
id_egu5f4y1bu.jpg,NON_NEG
id_0cxoh8d9zk.jpg,NEG
id_5cdbfxvbnx.jpg,NON_NEG
id_njc5t5xpz8.jpg,NON_NEG
id_oll1cdx9hr.jpg,NON_NEG
id_8ken1mdqby.jpg,NON_NEG
id_y0me081u0v.jpg,NEG
id_xlim2j1evi.jpg,NEG
id_e1dww3um75.jpg,NON_NEG
id_jgubcfy8h5.jpg,NEG
id_r2x9t2l5cd.jpg,NON_NEG
id_5lp8nvwny7.jpg,NON_NEG
id_kdm42uuuv2.jpg,NON_NEG
id_q541lci656.jpg,NEG
id_sd9bfck88n.jpg,NON_NEG
id_ys8d2wl8qj.jpg,NON_NEG
id_y43subksbm.jpg,NON_NEG
id_i865qhhmmu.jpg,NON_NEG
id_0o3fxfendl.jpg,NON_NEG
id_hfeq85d3o9.jpg,NON_NEG
id_o8uflrvo0d.jpg,NEG
id_j395koiu7k.jpg,NEG
id_6uga4j2wdu.jpg,NON_NEG
id_7xzlotc3je.jpg,NEG
id_njbxz489us.jpg,NON_NEG
id_71lbltr5n7.jpg,NON_NEG
id_s0gzjmlhfb.jpg,NEG
id_7yb76jlexx.jpg,NON_NEG
id_9tl5n2534s.jpg,NON_NEG
id_fae6ox6d5c.jpg,NON_NEG
id_bqubvtk3o9.jpg,NON_NEG
id_necj2wmgmq.jpg,NON_NEG
id_xfyvahb8tg.jpg,NON_NEG
id_vodziadklf.jpg,NON_NEG
id_kzezc1atva.jpg,NON_NEG
id_nr1zww7q2p.jpg,NEG
id_8agv8nntb7.jpg,NON_NEG
id_ry5rlahcy7.jpg,NEG
id_jp92mq606p.jpg,NON_NEG
id_ranjx5g8l3.jpg,NEG
id_wuxm97h01u.jpg,NON_NEG
id_et97dmccl6.jpg,NON_NEG
id_1xpbtfb4xh.jpg,NON_NEG
id_7kty8z34mr.jpg,NEG
id_ugl8jd2dee.jpg,NON_NEG
id_e857nydk8d.jpg,NON_NEG
id_pm75e0p03o.jpg,NON_NEG
id_p5fzssl0k1.jpg,NEG
id_cgccsf7xyt.jpg,NON_NEG
id_d4e2cvsk70.jpg,NEG
id_7uatrrjo8j.jpg,NEG
id_x6j92vnwel.jpg,NON_NEG
id_evky89io5r.jpg,NEG
id_4101s3yvd2.jpg,NON_NEG
id_5aelscs3bk.jpg,NEG
id_wigoy75pqm.jpg,NON_NEG
id_wy9kxp9whq.jpg,NON_NEG
id_n0sw0bmgr2.jpg,NEG
id_noluf8agf5.jpg,NON_NEG
id_4wkzpeu6or.jpg,NON_NEG
id_rpnx899oao.jpg,NEG
id_ioc9g69der.jpg,NEG
id_o80nrf711b.jpg,NEG
id_sx2299rv51.jpg,NEG
id_amtraim70s.jpg,NON_NEG
id_5czod67kxk.jpg,NON_NEG
id_9hojl3omav.jpg,NON_NEG
id_v6ojh6d9za.jpg,NEG
id_gkom1h5747.jpg,NON_NEG
id_ovgu72dq01.jpg,NEG
id_x1byb17qun.jpg,NON_NEG
id_563ke68nhe.jpg,NON_NEG
id_upzukj6bar.jpg,NON_NEG
id_20lexlrojc.jpg,NON_NEG
id_wk50bh51bj.jpg,NEG
id_2z4a1wo0ou.jpg,NEG
id_gg9tm95uib.jpg,NON_NEG
id_ttutdzq8b7.jpg,NEG
id_4icitay9wp.jpg,NON_NEG
id_eamy2nsa68.jpg,NON_NEG
id_fk2wjwojz6.jpg,NEG
id_ebv1caqkrd.jpg,NON_NEG
id_4qta0i8drs.jpg,NON_NEG
id_bw1qg3osng.jpg,NON_NEG
id_womj1xex2p.jpg,NON_NEG
id_gc9l837nw2.jpg,NON_NEG
id_lymfimbfy7.jpg,NEG
id_ksxsumq87n.jpg,NON_NEG
id_9m1sdiv8de.jpg,NON_NEG
id_qcgac2hzwm.jpg,NON_NEG
id_3mawpvd064.jpg,NON_NEG
id_igf01q0v2p.jpg,NEG
id_j97kqyl4li.jpg,NON_NEG
id_auct5p9tzd.jpg,NON_NEG
id_xu8bnrns68.jpg,NON_NEG
id_p9eibzhdjz.jpg,NEG
id_b94hccymyb.jpg,NEG
id_q2wywhkxho.jpg,NON_NEG
id_j0g578oq2j.jpg,NON_NEG
id_mnjcpehhvd.jpg,NEG
id_ucb98pn416.jpg,NON_NEG
id_9d0jjtbefc.jpg,NON_NEG
id_smmi9b8nzk.jpg,NON_NEG
id_bivf6nfw4o.jpg,NON_NEG
id_qfegb321yz.jpg,NEG
id_1ufiozvmyy.jpg,NEG
id_7g7mhvy4xl.jpg,NON_NEG
id_ah50hl00rv.jpg,NON_NEG
id_j8bhch62li.jpg,NON_NEG
id_52pqg1t9bk.jpg,NON_NEG
id_gahiqj8hgw.jpg,NEG
id_91koski7yj.jpg,NEG
id_t0zbt7kprs.jpg,NON_NEG
id_3s8877kr5i.jpg,NEG
id_6qr9x3f384.jpg,NON_NEG
id_zhci4bpr9y.jpg,NEG
id_elu173f7i4.jpg,NEG
id_lxgubdmeak.jpg,NON_NEG
id_kzi63vpn1b.jpg,NEG
id_7jm7lmwa9o.jpg,NON_NEG
id_p51oz5gghf.jpg,NON_NEG
id_hkh0bbkywz.jpg,NEG
id_k9y7thvkcb.jpg,NON_NEG
id_qwkcvs5q5f.jpg,NON_NEG
id_yzkn4hlwbk.jpg,NON_NEG
id_mmjf01habu.jpg,NON_NEG
id_kg99pp3ajg.jpg,NON_NEG
id_pdx2pcis09.jpg,NON_NEG
id_354zbb4wrx.jpg,NEG
id_2kulbx4oet.jpg,NON_NEG
id_2gtyv51w1i.jpg,NON_NEG
id_3qytviqygd.jpg,NON_NEG
id_zxbx4jw4gd.jpg,NON_NEG
id_9olyisupf8.jpg,NEG
id_19lavqwwve.jpg,NON_NEG
id_5htn65347z.jpg,NON_NEG
id_ei3yrjls18.jpg,NEG
id_jr71786bdp.jpg,NON_NEG
id_idjqlz4ppb.jpg,NON_NEG
id_2lbkv1t9ya.jpg,NEG
id_ddsvzg881p.jpg,NEG
id_ltv9pmj2el.jpg,NEG
id_wl0yg7aplm.jpg,NON_NEG
id_66ay5vidsa.jpg,NEG
id_6kxxaxsy7s.jpg,NON_NEG
id_crd9fwpwyz.jpg,NEG
id_1ziracu5s5.jpg,NON_NEG
id_z1gpg5ndmg.jpg,NON_NEG
id_5pk3c2n8mp.jpg,NON_NEG
id_30rzv6o44j.jpg,NEG
id_iqbk27dlq8.jpg,NON_NEG
id_ir4jvv7haa.jpg,NON_NEG
id_m9j0bdf838.jpg,NON_NEG
id_99dqny1a0l.jpg,NON_NEG
id_3qpoeywhc6.jpg,NON_NEG
id_18akmueokm.jpg,NON_NEG
id_3vpyguxleh.jpg,NON_NEG
id_sv2zkmlbnu.jpg,NON_NEG
id_6x0d145kam.jpg,NON_NEG
id_ep94vmxw7e.jpg,NON_NEG
id_jualem80va.jpg,NEG
id_qh4win0bw9.jpg,NON_NEG
id_0evauzmpz5.jpg,NEG
id_o6eyzd4i8a.jpg,NON_NEG
id_wy8p0eu51i.jpg,NON_NEG
id_yfssovxo2l.jpg,NON_NEG
id_c1vy4587zy.jpg,NON_NEG
id_5n9ov0rr22.jpg,NON_NEG
id_99tjq11ke4.jpg,NON_NEG
id_sh5w9551z9.jpg,NON_NEG
id_ogk9d1zweo.jpg,NEG
id_owkeuof51u.jpg,NEG
id_j6ln60hilc.jpg,NEG
id_yni9envkdg.jpg,NON_NEG
id_molbofjfkm.jpg,NON_NEG
id_q64taqr7xa.jpg,NON_NEG
id_erhdrpe5m3.jpg,NON_NEG
id_15k6d9z1gu.jpg,NON_NEG
id_rqgxzhzly1.jpg,NON_NEG
id_w3f4swqx7a.jpg,NEG
id_7otgxwz1u0.jpg,NON_NEG
id_u6jq21d7um.jpg,NON_NEG
id_a2xgyegvl4.jpg,NON_NEG
id_2jrxrema9d.jpg,NEG
id_uokizm25we.jpg,NEG
id_lksgvbcwh0.jpg,NEG
id_uahbj2v0w9.jpg,NON_NEG
id_9qtfjptkch.jpg,NON_NEG
id_qvwg8j1ssi.jpg,NON_NEG
id_b1pun9gba6.jpg,NON_NEG
id_25tlcquo1x.jpg,NON_NEG
id_6irbw5zd3h.jpg,NEG
id_9y50yzh05r.jpg,NON_NEG
id_jvdus2uflb.jpg,NEG
id_86vk4idod9.jpg,NON_NEG
id_lgxsguu6l2.jpg,NEG
id_ns82twwiab.jpg,NON_NEG
id_8r8s66ywit.jpg,NON_NEG
id_s8cpxmp35g.jpg,NON_NEG
id_czyks3vk91.jpg,NEG
id_fvt1r4srx5.jpg,NON_NEG
id_awqa79vqcu.jpg,NEG
id_qqzjbyaaff.jpg,NON_NEG
id_78o6mvtpcz.jpg,NON_NEG
id_ggsuqofel4.jpg,NON_NEG
id_ni8asgolqq.jpg,NEG
id_2gp13u7qvy.jpg,NON_NEG
id_7wk6y42ce8.jpg,NON_NEG
id_zpy1ugscxw.jpg,NEG
id_uh034z9b62.jpg,NON_NEG
id_4ihvd56ctr.jpg,NON_NEG
id_6r4u8vcjay.jpg,NON_NEG
id_bs0z86wm00.jpg,NON_NEG
id_fojb0ril0i.jpg,NON_NEG
id_xpkrmeytor.jpg,NON_NEG
id_0lh5i2b87v.jpg,NON_NEG
id_t4a1u3o0u8.jpg,NEG
id_rty8dzjldp.jpg,NON_NEG
id_t7s7ysu0ht.jpg,NEG
id_670dqel60h.jpg,NON_NEG
id_r0v1flpnrl.jpg,NON_NEG
id_eco4bif8tq.jpg,NON_NEG
id_sjo1qi0u8f.jpg,NON_NEG
id_dudeavwobr.jpg,NON_NEG
id_t0e4eveyai.jpg,NON_NEG
id_d775p5yr30.jpg,NON_NEG
id_zhar8at1nq.jpg,NON_NEG
id_9n3y98f17z.jpg,NON_NEG
id_35zvz4r71s.jpg,NON_NEG
id_4rzcmhnb7g.jpg,NON_NEG
id_edi9peofkb.jpg,NON_NEG
id_ma8dmvolkv.jpg,NON_NEG
id_90egdm0iiy.jpg,NON_NEG
id_an9b0x3ujz.jpg,NON_NEG
id_ktr9tuu6vv.jpg,NON_NEG
id_mjvd69lt7m.jpg,NON_NEG
id_6ojiuei7jz.jpg,NEG
id_wlvnj446ws.jpg,NON_NEG
id_y9x0r5l229.jpg,NON_NEG
id_fj5x6kw86e.jpg,NON_NEG
id_c97c3lthdd.jpg,NON_NEG
id_4cjlg0tvhe.jpg,NON_NEG
id_0k94dk4em5.jpg,NEG
id_l45460tf6z.jpg,NON_NEG
id_nlxrr5mspz.jpg,NEG
id_oygq0o6ax4.jpg,NON_NEG
id_69tmhfv0lu.jpg,NON_NEG
id_nh0mie5d32.jpg,NON_NEG
id_d0jwgoc1zb.jpg,NEG
id_tk6kutj1mg.jpg,NON_NEG
id_78injeapb7.jpg,NON_NEG
id_av2otqquhi.jpg,NON_NEG
id_h19lsvl87z.jpg,NON_NEG
id_vwvzygy7x7.jpg,NON_NEG
id_35bu6qgofu.jpg,NON_NEG
id_kmh7ea7qta.jpg,NON_NEG
id_gk8o1iiqg3.jpg,NON_NEG
id_ix264ccdoi.jpg,NON_NEG
id_70hqudydtp.jpg,NEG
id_b3hxzz2bjf.jpg,NEG
id_1gs2mk1ts7.jpg,NON_NEG
id_ne8gfnzz6b.jpg,NEG
id_crv6y63llw.jpg,NON_NEG
id_kthpieuqnz.jpg,NON_NEG
id_e1qtz16i9p.jpg,NEG
id_6a09onjub3.jpg,NON_NEG
id_of3h00wv6g.jpg,NON_NEG
id_c3e8ojm3sl.jpg,NEG
id_jrjp6o8osg.jpg,NON_NEG
id_l2lrdskowe.jpg,NEG
id_i8qcvk7stl.jpg,NEG
id_jtghx9mo7e.jpg,NON_NEG
id_nrk5dgk4z9.jpg,NON_NEG
id_8lzrhhrg9x.jpg,NEG
id_ao8xwqmtfi.jpg,NEG
id_d7bhuyg3zc.jpg,NEG
id_pdd4b6hvpr.jpg,NEG
id_mfja8rjjyc.jpg,NON_NEG
id_02i83lum2m.jpg,NON_NEG
id_xwlw5c4qk9.jpg,NON_NEG
id_ifh2dqupmv.jpg,NON_NEG
id_k6x4ib1ewz.jpg,NON_NEG
id_ndhdv3wuvg.jpg,NON_NEG
id_tn6qz4ng17.jpg,NON_NEG
id_bpd63kfgtt.jpg,NON_NEG
id_zsxlj9qtf8.jpg,NEG
id_1n22ltt01x.jpg,NON_NEG
id_ck7sdn0ty6.jpg,NON_NEG
id_devgx172vg.jpg,NON_NEG
id_7h5gr9it2s.jpg,NON_NEG
id_cuzjzxxd2k.jpg,NON_NEG
id_cediixf55u.jpg,NON_NEG
id_8ycyn7btfm.jpg,NEG
id_77jnlmiwe5.jpg,NEG
id_rjyykajdq2.jpg,NON_NEG
id_5adnophqnr.jpg,NON_NEG
id_peqagrhdz0.jpg,NEG
id_p1odegzi4a.jpg,NON_NEG
id_gl27660sug.jpg,NON_NEG
id_gtyf1219br.jpg,NON_NEG
id_8kg0jjbb0g.jpg,NEG
id_jiezf5gtsi.jpg,NON_NEG
id_ygkq8tb7my.jpg,NON_NEG
id_vr1gu2ox2k.jpg,NON_NEG
id_52ctntwtgc.jpg,NEG
id_cz18328ivv.jpg,NON_NEG
id_wus57zro6l.jpg,NON_NEG
id_hr10y564wc.jpg,NON_NEG
id_ioti1d4xew.jpg,NON_NEG
id_47owtyygrt.jpg,NON_NEG
id_pk5ee56h6i.jpg,NON_NEG
id_zblrs5fh71.jpg,NON_NEG
id_kil5ph1kyc.jpg,NON_NEG
id_tfya66fvv4.jpg,NON_NEG
id_a5nf4ezn3v.jpg,NON_NEG
id_uji0lqbw0t.jpg,NON_NEG
id_5u0a9uyez9.jpg,NON_NEG
id_mc9ybyrv3w.jpg,NEG
id_dfvwtupp8l.jpg,NON_NEG
id_x6utp2ltq1.jpg,NON_NEG
id_9d04pt29ci.jpg,NON_NEG
id_uv2ch29lkc.jpg,NON_NEG
id_ejdqv0vwac.jpg,NEG
id_az75itcgjz.jpg,NON_NEG
id_fwa2pa1goh.jpg,NON_NEG
id_mjx4hj0r41.jpg,NON_NEG
id_5la3unqr96.jpg,NON_NEG
id_v4ip9qdea4.jpg,NON_NEG
id_1b2pt5y06f.jpg,NON_NEG
id_bvnggqt29q.jpg,NEG
id_g8307c6ymr.jpg,NON_NEG
id_1ba9zm9tkm.jpg,NON_NEG
id_xy7imxys3o.jpg,NON_NEG
id_52jbuy2o16.jpg,NON_NEG
id_nbzdyfr6hr.jpg,NEG
id_p37bzpzc9y.jpg,NEG
id_3wnymfzd89.jpg,NON_NEG
id_bjv7rj9tk5.jpg,NON_NEG
id_a4db2gg1w8.jpg,NON_NEG
id_g71y6lc94l.jpg,NON_NEG
id_m3jsa9zrml.jpg,NEG
id_vicg3eiapl.jpg,NON_NEG
id_ty3gvd8z9c.jpg,NEG
id_s28aslu7f3.jpg,NON_NEG