Image_ID,Split
id_qpb79mu7tz.jpg,1
id_yqktkut167.jpg,1
id_krvoyjujcq.jpg,1
id_8agv8nntb7.jpg,1
id_zr4uyveglu.jpg,1
id_3p4w3wcgyz.jpg,1
id_5mbjba0hyl.jpg,1
id_rm2xh3h93g.jpg,1
id_5bvosl2pau.jpg,1
id_iqbk27dlq8.jpg,1
id_uv8zibyt2l.jpg,1
id_0y6q5ze1j9.jpg,1
id_a5vcx22lnz.jpg,1
id_da9jjezfca.jpg,1
id_wxwqqxihii.jpg,1
id_q0ai9yvqhu.jpg,1
id_e5xyit0nc8.jpg,1
id_vdchlkv6hv.jpg,1
id_fhhizjazmr.jpg,1
id_k6lfe6btjw.jpg,1
id_4wkzpeu6or.jpg,1
id_3qw0j3f6cr.jpg,1
id_zv5yup2wb8.jpg,1
id_ct9dymciri.jpg,1
id_bjxl8yrf0z.jpg,1
id_az75itcgjz.jpg,1
id_d7gkp4j3jr.jpg,1
id_ktdlh7cwmo.jpg,1
id_wgvmmkfg6y.jpg,1
id_o5828e4afd.jpg,1
id_et5erpllpf.jpg,1
id_4tp8jcxq21.jpg,1
id_6x6jk4x7p8.jpg,1
id_by7fxgj9jt.jpg,1
id_ef0jw5a0zi.jpg,1
id_nrk5dgk4z9.jpg,1
id_wus57zro6l.jpg,1
id_zpbbw3zfgg.jpg,1
id_w8y9tbo94z.jpg,1
id_1xpbtfb4xh.jpg,1
id_0o3fxfendl.jpg,1
id_212ealkj21.jpg,1
id_6g52lmvz2y.jpg,1
id_35bu6qgofu.jpg,1
id_5d1f8lzju3.jpg,1
id_ndxzjv7vjt.jpg,1
id_czyl9nsbu1.jpg,1
id_i7nitsscaw.jpg,1
id_5hv8cqn21e.jpg,1
id_fmofpxvw0i.jpg,1
id_oxusm6wel3.jpg,1
id_s7dmwcr0ll.jpg,1
id_h5aemcu1bw.jpg,1
id_9t9vkxsw2v.jpg,1
id_uajqyx7muw.jpg,1
id_dupchojv0j.jpg,1
id_1dx2k1l72r.jpg,1
id_76gmalcjzr.jpg,1
id_cnus6goi8x.jpg,1
id_5wulvyfrzs.jpg,1
id_dl2kaag27a.jpg,1
id_sqnutj2cxt.jpg,1
id_o194er4y1l.jpg,1
id_87ddfyvrdq.jpg,1
id_m73mz74z8l.jpg,1
id_vqdfqz7k8m.jpg,1
id_u1t3vfc35i.jpg,1
id_o0s626fwo8.jpg,1
id_bj8z20mdd8.jpg,1
id_2jtdlvl3lp.jpg,1
id_mdso2py2g1.jpg,1
id_crenkaw87t.jpg,1
id_vvyak3qdrk.jpg,1
id_4thqsk6xut.jpg,1
id_y4net0xm8f.jpg,1
id_z0jvwikzzn.jpg,1
id_5a622vw8c8.jpg,1
id_7obw19n3a4.jpg,1
id_472rnl7yp5.jpg,1
id_rqgxzhzly1.jpg,1
id_h005elaguq.jpg,1
id_louj0gcf6l.jpg,1
id_g7tx57tmol.jpg,1
id_0abe9pv80b.jpg,1
id_wbw8heo1g4.jpg,1
id_wtp7vfwf0j.jpg,1
id_pmq1hu1e71.jpg,1
id_e7y0uo9taq.jpg,1
id_yzhkb0zf37.jpg,1
id_12folelsam.jpg,1
id_idjqlz4ppb.jpg,1
id_xc1iljwdc1.jpg,1
id_nto9rqc4ad.jpg,1
id_jr6j9v01a3.jpg,1
id_39au9bafcl.jpg,1
id_ky200hu7gu.jpg,1
id_n5wa9hc0pz.jpg,1
id_pvd74ryq04.jpg,1
id_2oa39x5om5.jpg,1
id_ia33y02kee.jpg,1
id_yx8m83kug3.jpg,1
id_z8cd2k37k3.jpg,1
id_uo8wn1eskx.jpg,1
id_zofc0rww9i.jpg,1
id_ga85pu6228.jpg,1
id_z8zg282t55.jpg,1
id_4ixxgo7xqk.jpg,1
id_uw43taumnz.jpg,1
id_rdosm01ejg.jpg,1
id_1b2pt5y06f.jpg,1
id_9x09ltbdkc.jpg,1
id_gmjzttp90b.jpg,1
id_tdb81ada4s.jpg,1
id_5gi4m9bua5.jpg,1
id_n9bbcos7p2.jpg,1
id_310rkvg7k4.jpg,1
id_a36aomg01d.jpg,1
id_dey6b63co6.jpg,1
id_mcxu6pfi5i.jpg,1
id_md6hbufvqv.jpg,1
id_obfhelw1kw.jpg,1
id_bd6gm5l5m1.jpg,1
id_4vwgs6al82.jpg,1
id_13s4p0geo0.jpg,1
id_cn2wq4vf4s.jpg,1
id_dfvwtupp8l.jpg,1
id_ou8nzuaktb.jpg,1
id_bvrhd35ny4.jpg,1
id_fvpi1edl84.jpg,1
id_txpf9joop5.jpg,1
id_wh6h3q7x0h.jpg,1
id_95xdw4rbzb.jpg,1
id_zk5f24dvrh.jpg,1
id_c9jz5nh48h.jpg,1
id_dybaweybco.jpg,1
id_r1awdf8bxw.jpg,1
id_6ujuefpy4m.jpg,1
id_147gpcegp6.jpg,1
id_vkasft3kl4.jpg,1
id_qkymyhiar6.jpg,1
id_hxh24buc7k.jpg,1
id_d3rjv7rlle.jpg,1
id_2iofedt3ce.jpg,1
id_fd1zq9xru3.jpg,1
id_241xb0xrzw.jpg,1
id_5mbe2nhipw.jpg,1
id_jpbv9c66n5.jpg,1
id_4t0hhlzt3y.jpg,1
id_qe01v7wsc5.jpg,1
id_18akmueokm.jpg,1
id_sn780dq4g9.jpg,1
id_ck7sdn0ty6.jpg,1
id_qltslzihpq.jpg,1
id_4vt7nmanqm.jpg,1
id_dpgppseuw7.jpg,1
id_ehv8li5s95.jpg,1
id_sitas84bp7.jpg,1
id_nk6b8hdvu3.jpg,1
id_c85nb996os.jpg,1
id_i1a2tpzu7g.jpg,1
id_8ztw2t9cet.jpg,1
id_p24s9ciioq.jpg,1
id_wzcaa1z5lj.jpg,1
id_x6utp2ltq1.jpg,1
id_5udrklg7is.jpg,1
id_9c48ivvo8u.jpg,1
id_0051lznyrt.jpg,1
id_v15t6lc890.jpg,1
id_4nsphuimgx.jpg,1
id_mkvxxar9qw.jpg,1
id_ci0ka455ai.jpg,1
id_5la3unqr96.jpg,1
id_8rey0fnt6i.jpg,1
id_c32kaxlce7.jpg,1
id_e1ivdpme15.jpg,1
id_w0k3muljqb.jpg,1
id_w8xnbd5rvm.jpg,1
id_geau0p533v.jpg,1
id_x6j92vnwel.jpg,1
id_nvkisesgjk.jpg,1
id_x40f0t94tl.jpg,1
id_bsajd1gy4y.jpg,1
id_4pn3ye9qej.jpg,1
id_hmd5mr6xz8.jpg,1
id_wl9krttv9j.jpg,1
id_77yvo7djvx.jpg,1
id_2fk6cyep6k.jpg,1
id_48znynbs76.jpg,1
id_k7fzsbf782.jpg,1
id_pb2ggni8kd.jpg,1
id_g7s14wkt7k.jpg,1
id_p2nna8p1fj.jpg,1
id_jqcv32ajje.jpg,1
id_ejyw8kqbhh.jpg,1
id_kr733n1tsu.jpg,1
id_a55ig980ji.jpg,1
id_jd4i30cqy7.jpg,1
id_4xe7v3uzb0.jpg,1
id_6qvsxn1wp2.jpg,1
id_j3totz3qc8.jpg,1
id_mj3uvco3qx.jpg,1
id_h8qqp0ylyo.jpg,1
id_3xidcn77dw.jpg,1
id_jtj66qpm6l.jpg,1
id_mfja8rjjyc.jpg,1
id_b1pun9gba6.jpg,1
id_os8jopl2gg.jpg,1
id_j6w0e75j0y.jpg,1
id_rqj8je0h6p.jpg,1
id_55n7okb0sj.jpg,1
id_4cgsb6hlt0.jpg,1
id_g9tqpcbr7y.jpg,1
id_xtqwzyzp46.jpg,1
id_lwf47cz8f3.jpg,1
id_98cx8pmd9a.jpg,1
id_wbf7r0vube.jpg,1
id_7fescoiopt.jpg,1
id_c9zfocph2k.jpg,1
id_ao5l6zdnzr.jpg,1
id_cistrck71b.jpg,1
id_oi8ahkxctu.jpg,1
id_dntnxbhc94.jpg,1
id_hh66r62g1x.jpg,1
id_v7a1nqldvn.jpg,1
id_fqp4nbwbb9.jpg,1
id_8og9rd87b0.jpg,1
id_wc1se79we4.jpg,1
id_bn4dse4zjn.jpg,1
id_iiyu5chezr.jpg,1
id_f3g2pelg02.jpg,1
id_bwyusyzpnf.jpg,1
id_vttvw22xt6.jpg,1
id_eivpqn3l6d.jpg,1
id_4p97xqczln.jpg,1
id_jgjz4oz1yf.jpg,1
id_10bnf5rikw.jpg,1
id_otmg6cg1qw.jpg,1
id_y292s420ts.jpg,1
id_c5cazqm2g4.jpg,1
id_d1g42czqeh.jpg,1
id_0ra59zawhn.jpg,1
id_6h82kx4fcs.jpg,1
id_its6nknty8.jpg,1
id_t0e4eveyai.jpg,1
id_ir3k1n3khb.jpg,1
id_pctj4za5je.jpg,1
id_h7icl34nu7.jpg,1
id_voxod011d4.jpg,1
id_7s1igj1lcx.jpg,1
id_auoihg3sqz.jpg,1
id_mzq1jmom69.jpg,1
id_by6e6shi2z.jpg,1
id_jaqfrsv1ll.jpg,1
id_qmnvk974va.jpg,1
id_80fx2htafa.jpg,1
id_zgmsi118yx.jpg,1
id_t3iboylcaj.jpg,1
id_jv0swrkews.jpg,1
id_bhxgop8sch.jpg,1
id_5htn65347z.jpg,1
id_ghzma8epx3.jpg,1
id_zoa6mk680j.jpg,1
id_6vkj6zvsx2.jpg,1
id_uyfm1e4bul.jpg,1
id_ezu73ddxo7.jpg,1
id_fn0ubqcu01.jpg,1
id_je5ci7yyxz.jpg,1
id_lwlxshxbpn.jpg,1
id_lvd73frjuz.jpg,1
id_bk64vgrnby.jpg,1
id_jnnz1xoric.jpg,1
id_fj0nb1076n.jpg,1
id_zvx3olbgqg.jpg,1
id_poz5lzruth.jpg,1
id_oqzfsk3k6v.jpg,1
id_ybvd4hup42.jpg,1
id_taz7z5iuzk.jpg,1
id_4c5xn4is4h.jpg,1
id_tixiu65san.jpg,1
id_th6x6dam3m.jpg,1
id_ky1d2ye7jt.jpg,1
id_stsa6kt4zg.jpg,1
id_f17wgaoouo.jpg,1
id_7tgo99b7gy.jpg,1
id_8j285ahjck.jpg,1
id_iutwh8bfqo.jpg,1
id_3fk73q1k08.jpg,1
id_q18tfhfneh.jpg,1
id_09uioqhi17.jpg,1
id_042y6d5xok.jpg,1
id_ur3i6bviry.jpg,1
id_mtpmujtq22.jpg,1
id_61axoyt1e6.jpg,1
id_t22c0x2s85.jpg,1
id_5bbz3srksa.jpg,1
id_w91m8fnf8f.jpg,1
id_22hbp9nu1d.jpg,1
id_ldsohwqw5s.jpg,1
id_s8cpxmp35g.jpg,1
id_z7a1xslgf1.jpg,1
id_84nwjhw546.jpg,1
id_ivac7m1wwl.jpg,1
id_xmq3awiu9f.jpg,1
id_i6xrirh0zp.jpg,1
id_cruxs39gz0.jpg,1
id_n0sr00ncp3.jpg,1
id_bpd63kfgtt.jpg,1
id_e5cvk28krq.jpg,1
id_yzmpc6cgm1.jpg,1
id_677y2cx30r.jpg,1
id_yapyoj4bmf.jpg,1
id_ty165y6vot.jpg,1
id_j1i93ltxls.jpg,1
id_9api0q9s8b.jpg,1
id_uc2asw08il.jpg,1
id_3jmeoadh9p.jpg,1
id_nx12u001w3.jpg,1
id_15id07sp94.jpg,1
id_bbbzvnmoqd.jpg,1
id_1b9vlj7csf.jpg,1
id_49iz62mi4t.jpg,1
id_9eocbjfxy5.jpg,1
id_kthpieuqnz.jpg,1
id_6slg4i26jm.jpg,1
id_qx75hbrn2f.jpg,1
id_1au1qgtxse.jpg,1
id_2schafkfob.jpg,1
id_ng8eif5a91.jpg,1
id_4p9ymf6p3s.jpg,1
id_bbk4pwvuky.jpg,1
id_i5pp8c0zob.jpg,1
id_rm8d1zznhz.jpg,1
id_5t3iccynjw.jpg,1
id_px67dwlw7n.jpg,1
id_whdrz2dlff.jpg,1
id_ns0ww9t3ju.jpg,1
id_44qx8w0k1s.jpg,1
id_vqxavxbgqv.jpg,1
id_3f0rw3ai8d.jpg,1
id_mjvd69lt7m.jpg,1
id_5zmwwyihmx.jpg,1
id_4qc0qxu5oh.jpg,1
id_gtfif0b9pf.jpg,1
id_5jnsug69k7.jpg,1
id_9ex9wpulfw.jpg,1
id_2h7p6t9oua.jpg,1
id_vmj225uyxh.jpg,1
id_iywf8v7q6u.jpg,1
id_crv6y63llw.jpg,1
id_n1wpfhfq7j.jpg,1
id_81gt3zskth.jpg,1
id_bcbnkxsd81.jpg,1
id_18zr61kc0a.jpg,1
id_u3q6jdck4j.jpg,1
id_f1532fixpr.jpg,1
id_vqx2n5ob5w.jpg,1
id_1bygdd8fvl.jpg,1
id_xya51aeqvv.jpg,1
id_57a65wb4qc.jpg,1
id_0c5lr28fpt.jpg,1
id_xrb30hnane.jpg,1
id_3ucv1a3y6v.jpg,1
id_9i9tc82pvz.jpg,1
id_ys614qebea.jpg,1
id_cv5yf1d2ap.jpg,1
id_paub672i7v.jpg,1
id_xjlr1r67j3.jpg,1
id_eventkcmpa.jpg,1
id_drsk9aa1uv.jpg,1
id_yvysltliu6.jpg,1
id_72r8ncpipz.jpg,1
id_rqs82d32qh.jpg,1
id_nvvwr0mhdk.jpg,1
id_f4qyzzbaiu.jpg,1
id_qaxkj566w0.jpg,1
id_bjdisdomjc.jpg,1
id_xgadb0mocl.jpg,1
id_ffc6hl3147.jpg,1
id_y9i4nt5vqs.jpg,1
id_b6ud0c4mw4.jpg,1
id_exyy777j5h.jpg,1
id_849pe4g19b.jpg,1
id_bylmx08z0u.jpg,1
id_g2f1mg6pet.jpg,1
id_dyztcaf9yg.jpg,1
id_odf6n10uaw.jpg,1
id_h3iqlbl5qw.jpg,1
id_cicxy583s3.jpg,1
id_ygkq8tb7my.jpg,1
id_dd5057k111.jpg,1
id_hp91msxiz1.jpg,1
id_n7h937xrhm.jpg,1
id_6ysyw9fm6n.jpg,1
id_no9tx04ly6.jpg,1
id_ewzclodf3w.jpg,1
id_d723oa3cdr.jpg,1
id_pg39cn27xo.jpg,1
id_7gvvrdz0tl.jpg,1
id_6yz2scaw1g.jpg,1
id_xq95gd2c3q.jpg,1
id_3m5rtldzlf.jpg,1
id_xgitrdj6ya.jpg,1
id_o69co6x4j6.jpg,1
id_h5m98vn35i.jpg,1
id_7chp4c6ytd.jpg,1
id_d7pd07ec8m.jpg,1
id_0pex8jec2z.jpg,1
id_vy2vkz5r7x.jpg,1
id_nskynnza0w.jpg,1
id_tgpg2oujnz.jpg,1
id_zh3ynqyzrn.jpg,1
id_zrs3jxiyuh.jpg,1
id_gqgci3p1d1.jpg,1
id_vujxg6hcw6.jpg,1
id_vvx40y4z5y.jpg,1
id_kajz7043su.jpg,1
id_fz7geywf9w.jpg,1
id_qvwg8j1ssi.jpg,1
id_oopyu41p8a.jpg,1
id_e20xnaq5qn.jpg,1
id_6kxxaxsy7s.jpg,2
id_101k9uxexv.jpg,2
id_wfijblgppj.jpg,2
id_2v40bfhybf.jpg,2
id_jd8wompvyd.jpg,2
id_gg9tm95uib.jpg,2
id_7adtsd1291.jpg,2
id_s28aslu7f3.jpg,2
id_42xoemnrj0.jpg,2
id_napzy4l85v.jpg,2
id_dp2psac91h.jpg,2
id_vbxpolp578.jpg,2
id_qgc253vz64.jpg,2
id_yevaz35ll1.jpg,2
id_rjjkcsmkbh.jpg,2
id_7jrwj14xhk.jpg,2
id_itctcbipwm.jpg,2
id_8ny1tq9p51.jpg,2
id_bglebv723x.jpg,2
id_l90j3qhlpz.jpg,2
id_t20n5sypg1.jpg,2
id_2fnkrnht1g.jpg,2
id_heugkg8cei.jpg,2
id_o13q8yzl90.jpg,2
id_beb4eptdn4.jpg,2
id_i0sssks1lo.jpg,2
id_flts3nx55d.jpg,2
id_wta320gseb.jpg,2
id_2ngng2qenk.jpg,2
id_4y1b6jhgue.jpg,2
id_hvw03xx85y.jpg,2
id_7288xs7ui3.jpg,2
id_w0soultvmf.jpg,2
id_h0c7f93ooz.jpg,2
id_ypw54gpn07.jpg,2
id_kz2swbcww6.jpg,2
id_fo8ktge3bb.jpg,2
id_sv09sfn9ge.jpg,2
id_mwq9isyl2m.jpg,2
id_08gqt771w1.jpg,2
id_ezd6x40fd0.jpg,2
id_49n2r2g61a.jpg,2
id_f3erhvvglc.jpg,2
id_k9qxb08ool.jpg,2
id_q9ps3lhn10.jpg,2
id_rlc26w9tpp.jpg,2
id_pdx2pcis09.jpg,2
id_bu04j7jxbr.jpg,2
id_89gbwthdlx.jpg,2
id_214385oly1.jpg,2
id_znibrb041a.jpg,2
id_sin11o52ho.jpg,2
id_wunxhbbr0g.jpg,2
id_w2ry892a1z.jpg,2
id_suusi5hn1y.jpg,2
id_f6eepaj5h3.jpg,2
id_uegaayinmp.jpg,2
id_glyh3dol96.jpg,2
id_adv10hddfp.jpg,2
id_uvqwula1h9.jpg,2
id_a1jdwsbpyl.jpg,2
id_j5ky1e5nhf.jpg,2
id_e7vi6bi5a5.jpg,2
id_3e24re5ruz.jpg,2
id_tqh6mdgx67.jpg,2
id_p7x8xwla6y.jpg,2
id_zxbx4jw4gd.jpg,2
id_8o4csfm34x.jpg,2
id_w7bcgot4lf.jpg,2
id_q7l2awwq7g.jpg,2
id_nw02fw99a0.jpg,2
id_9f1y6j5b9d.jpg,2
id_a9ioxxzr7b.jpg,2
id_v6ovpv2ltd.jpg,2
id_wf4us8fhib.jpg,2
id_b3jty66mjo.jpg,2
id_p1z8i43g1e.jpg,2
id_6cbe6ppu3f.jpg,2
id_ve8gfvjipv.jpg,2
id_kzf8dmrzxw.jpg,2
id_a54kl1wmu0.jpg,2
id_3l42ck1ho6.jpg,2
id_aqra9fml13.jpg,2
id_azuiac7sde.jpg,2
id_obvyvrbfoa.jpg,2
id_yfgqifa1av.jpg,2
id_tt0yabytpy.jpg,2
id_rnh9zkuo1x.jpg,2
id_hfylgerf35.jpg,2
id_bvaau1zc3d.jpg,2
id_y1beq8c61h.jpg,2
id_j7nxpufl6z.jpg,2
id_7yurhvqp72.jpg,2
id_05do1czfb1.jpg,2
id_yx8coo6b1h.jpg,2
id_p90nleszgt.jpg,2
id_sjtq84gfgg.jpg,2
id_dkf59i88hy.jpg,2
id_q96oldw5qf.jpg,2
id_44y9vdc3r8.jpg,2
id_qh4win0bw9.jpg,2
id_n64pe9af97.jpg,2
id_7l5fy1nin2.jpg,2
id_9t9so3atr9.jpg,2
id_fzak256l5q.jpg,2
id_f18kaqw9ur.jpg,2
id_jjxh4pnkd0.jpg,2
id_zg9jc73sf7.jpg,2
id_or7yv0u3or.jpg,2
id_ylrsd2a6k4.jpg,2
id_7v191des6a.jpg,2
id_cc2lcr49xv.jpg,2
id_dty99488zq.jpg,2
id_5dkxygfay2.jpg,2
id_vbewu43ih7.jpg,2
id_wumeg8bwk7.jpg,2
id_ll3ekjy2bo.jpg,2
id_2oltn8avgm.jpg,2
id_ef4lnbhyxw.jpg,2
id_i8qcpi8ey9.jpg,2
id_fe3rxq4495.jpg,2
id_l7x18hhzkw.jpg,2
id_a0t3sx8hn0.jpg,2
id_mbeflw8vpy.jpg,2
id_izmmd3tjlj.jpg,2
id_mlpsjyacxs.jpg,2
id_spy5q9lu32.jpg,2
id_6qo914wzmz.jpg,2
id_qw2jgodk5m.jpg,2
id_r90wmxlo7g.jpg,2
id_qmgzffs4sk.jpg,2
id_kyre63f2tm.jpg,2
id_5i9ydbo42z.jpg,2
id_cg82fmj278.jpg,2
id_a5y9xgbbvh.jpg,2
id_8aq7cnhtl5.jpg,2
id_m2ibf6zkn9.jpg,2
id_2awozffpn6.jpg,2
id_dvq8cek8pf.jpg,2
id_dd93idf3kj.jpg,2
id_2eoleiqrzn.jpg,2
id_gz78c646yz.jpg,2
id_ydncd7u4x2.jpg,2
id_chwvvxnmcm.jpg,2
id_kilinfd1fa.jpg,2
id_mialolbp52.jpg,2
id_qwg5ytpnzt.jpg,2
id_f16ui97i9z.jpg,2
id_fjetcvnlj7.jpg,2
id_l59ye829l2.jpg,2
id_1qn4rhienv.jpg,2
id_dv8w9xzrvu.jpg,2
id_mmjf01habu.jpg,2
id_q08twpvq9b.jpg,2
id_a22fkexa40.jpg,2
id_7z4kmeq9c7.jpg,2
id_93qn6bexv7.jpg,2
id_ooauhvoyz2.jpg,2
id_rvq534gcxu.jpg,2
id_nrikbmlefy.jpg,2
id_upkon5lrf2.jpg,2
id_9lq523bdv9.jpg,2
id_kfs25l5k3u.jpg,2
id_q4gmq63cwr.jpg,2
id_tna29yexxm.jpg,2
id_35qqog54n5.jpg,2
id_lpc9b0h4yl.jpg,2
id_rjoajtubkw.jpg,2
id_mb6pit0sc2.jpg,2
id_cv1oiyd7a2.jpg,2
id_xj1a6r2me5.jpg,2
id_bvqgjt8ssi.jpg,2
id_ft9ux0ypjd.jpg,2
id_bwhpbnmo3g.jpg,2
id_8909aolikp.jpg,2
id_nv366dqhx7.jpg,2
id_3mdf5uv24g.jpg,2
id_atyaxiymp6.jpg,2
id_bqubvtk3o9.jpg,2
id_e2kai3dkq6.jpg,2
id_sh5w9551z9.jpg,2
id_yl2b1vzgt6.jpg,2
id_ermxdswvwt.jpg,2
id_lxgubdmeak.jpg,2
id_ctkvvkc84k.jpg,2
id_i4d0ulpq39.jpg,2
id_zbnnf2a6el.jpg,2
id_pynfbn8bta.jpg,2
id_dwu57mgtcb.jpg,2
id_ms0oyf5nrp.jpg,2
id_ilmjjeqpcy.jpg,2
id_x6bxreoovp.jpg,2
id_dny0rwnv1d.jpg,2
id_3vpyguxleh.jpg,2
id_lcg2ls6e1w.jpg,2
id_e7ctpfkatp.jpg,2
id_m64n3f03td.jpg,2
id_vsyb6kb7ph.jpg,2
id_d4uyi0o21d.jpg,2
id_ph5yzye70t.jpg,2
id_dg0icorzno.jpg,2
id_s3k19v7ci3.jpg,2
id_ykdw2stt19.jpg,2
id_6sz7oo8vwz.jpg,2
id_maqt3hjjlk.jpg,2
id_6bqoiceoxx.jpg,2
id_mfcxc19oba.jpg,2
id_mffzgxolw5.jpg,2
id_zj0t0db218.jpg,2
id_ft0sdquo38.jpg,2
id_79wbipgniy.jpg,2
id_lrvvhpbhka.jpg,2
id_pnave1opt9.jpg,2
id_8i94n0d7a4.jpg,2
id_bykn68tsxt.jpg,2
id_4dhw2det8j.jpg,2
id_tu8mibp371.jpg,2
id_68ro0e0zk7.jpg,2
id_i1vip0e25k.jpg,2
id_m7lks6c0zq.jpg,2
id_z5y2pw9y27.jpg,2
id_ji8grrkii3.jpg,2
id_xv3hww0fyh.jpg,2
id_lmx17pougj.jpg,2
id_qf2vlzrh87.jpg,2
id_jjl4az6opt.jpg,2
id_sqnhkqt5br.jpg,2
id_e3tep47339.jpg,2
id_tl8pf9f3ji.jpg,2
id_wyvqbie72r.jpg,2
id_ov3tbiyre9.jpg,2
id_1760ihasgs.jpg,2
id_syrh049jtc.jpg,2
id_a0vpfvksq7.jpg,2
id_3uhacauaez.jpg,2
id_nzkpf8tr8o.jpg,2
id_a96tr56uiq.jpg,2
id_eerjo3sps4.jpg,2
id_kqjm3i0wo2.jpg,2
id_wu1u46zp4e.jpg,2
id_tgqn7f4tx0.jpg,2
id_18rlj91ysw.jpg,2
id_ixxqgodncy.jpg,2
id_b53zrnwb8t.jpg,2
id_7zzh2ff8h1.jpg,2
id_j80khun6jy.jpg,2
id_muei6t4km6.jpg,2
id_mereo6283h.jpg,2
id_69tmhfv0lu.jpg,2
id_dj1iug87kl.jpg,2
id_39kolpd9ds.jpg,2
id_yvsh2v76mf.jpg,2
id_pq06urws67.jpg,2
id_gzxmn158lv.jpg,2
id_dm1yybzxcv.jpg,2
id_padsu6hm9j.jpg,2
id_3rrbg84f29.jpg,2
id_jt0roeq9yt.jpg,2
id_v0av0bx5ua.jpg,2
id_ze8tixkhzb.jpg,2
id_n5talfnmmk.jpg,2
id_6qsvomc4yx.jpg,2
id_ebv1caqkrd.jpg,2
id_a3fboyv5nz.jpg,2
id_azwez513xx.jpg,2
id_j0zahs4ik5.jpg,2
id_k1h44vf9jo.jpg,2
id_i08tg8qdmy.jpg,2
id_qi0ff7w9eo.jpg,2
id_c86b3blpzi.jpg,2
id_isi5v1dbk9.jpg,2
id_wk0z6ogsez.jpg,2
id_n9bze3chic.jpg,2
id_zke3pmbsw3.jpg,2
id_48165276os.jpg,2
id_ahl2a3kly0.jpg,2
id_dd10jiejjv.jpg,2
id_ceuljcmyzs.jpg,2
id_trld6lawky.jpg,2
id_sillt0ixj9.jpg,2
id_xculy3gzpk.jpg,2
id_yni9envkdg.jpg,2
id_ysqticojg7.jpg,2
id_7awgmgcjl0.jpg,2
id_fn9duuohc1.jpg,2
id_tcxf2fyav1.jpg,2
id_g53wol4m59.jpg,2
id_au0abzw8wd.jpg,2
id_xb7ir0ifz7.jpg,2
id_4gtxlyjjqe.jpg,2
id_pvh4gi6u22.jpg,2
id_9ctex4nrc1.jpg,2
id_u8aecxtond.jpg,2
id_56cm3hgim3.jpg,2
id_ouop5c9ynm.jpg,2
id_fddvaawmcf.jpg,2
id_8fthc0keoz.jpg,2
id_8pvg950tez.jpg,2
id_1vvcgkmw1l.jpg,2
id_8daq3g3gjh.jpg,2
id_u2ushq95s3.jpg,2
id_w19x86t1oj.jpg,2
id_qjae1syumg.jpg,2
id_ma8dmvolkv.jpg,2
id_bdbffq2xe4.jpg,2
id_m1twcayvuf.jpg,2
id_l6grvsyujs.jpg,2
id_fzogq9kijh.jpg,2
id_g0hsfawllw.jpg,2
id_7dx8g4mpkk.jpg,2
id_apn95jbu32.jpg,2
id_bhydrok4am.jpg,2
id_6hx1jzqypt.jpg,2
id_onz4txmgh4.jpg,2
id_zz4ga0557e.jpg,2
id_itlhgpe0hv.jpg,2
id_wbiptb7jlj.jpg,2
id_j8foptaf6f.jpg,2
id_a10k5zohch.jpg,2
id_f8xhxhsjla.jpg,2
id_3b3ueux5jl.jpg,2
id_1zytxz0ocf.jpg,2
id_0e9t8wmg6e.jpg,2
id_yw1obkicmg.jpg,2
id_82q3ero1ss.jpg,2
id_9ynomawl38.jpg,2
id_wk8p3mqvox.jpg,2
id_zh5it18k1e.jpg,2
id_u2ycfaq5e0.jpg,2
id_c85ykg3uy2.jpg,2
id_yath9humn8.jpg,2
id_tlotno93zp.jpg,2
id_tnk9ptt8lu.jpg,2
id_z9llfkkp5u.jpg,2
id_0de37ox1bm.jpg,2
id_m3nl2z99tk.jpg,2
id_fa0b7eyp4x.jpg,2
id_b7oywplcts.jpg,2
id_4fq8jiwxl0.jpg,2
id_ohdqwwlnpv.jpg,2
id_8gv8ssaopt.jpg,2
id_i865qhhmmu.jpg,2
id_ggbfzoghol.jpg,2
id_sqou1jbe9f.jpg,2
id_qa70t0m4yc.jpg,2
id_io6mu601ef.jpg,2
id_5h9e9phvpq.jpg,2
id_ojyxvwz9ej.jpg,2
id_7uza4oo47b.jpg,2
id_5gudsszz0t.jpg,2
id_ugl8jd2dee.jpg,2
id_tm9d3cl87f.jpg,2
id_vhm5yot631.jpg,2
id_q944tcfd13.jpg,2
id_pyc3nq09ky.jpg,2
id_gc9l837nw2.jpg,2
id_fojb0ril0i.jpg,2
id_wekmoq2g1y.jpg,2
id_gtyf1219br.jpg,2
id_1mjohdftep.jpg,2
id_5fo69ybvee.jpg,2
id_jnpgwdsny5.jpg,2
id_k66l8ot7ha.jpg,2
id_jl93f5rtzc.jpg,2
id_b1cv4zcozi.jpg,2
id_y4hd9yvh59.jpg,2
id_94clgqhvkb.jpg,2
id_gzxlbrjcqz.jpg,2
id_31b9tof1dw.jpg,2
id_jbjr0l6hyr.jpg,2
id_fvt1r4srx5.jpg,2
id_sv2zkmlbnu.jpg,2
id_tcdrnjgx1x.jpg,2
id_go7ph4k7a1.jpg,2
id_j3qigjhe4h.jpg,2
id_dywyswudfa.jpg,2
id_s91hx9uyin.jpg,2
id_uhbqlk1fm0.jpg,2
id_wy8p0eu51i.jpg,2
id_syl8z4yeda.jpg,2
id_s32igqw522.jpg,2
id_0qlxk40xpj.jpg,2
id_8pzgnjfb4w.jpg,2
id_fqz06epe0k.jpg,2
id_0nm5i3vtg9.jpg,2
id_6ishd40fv0.jpg,2
id_hpkgp7d6gt.jpg,2
id_ir4jvv7haa.jpg,2
id_htd8yeuu1d.jpg,2
id_u6jq21d7um.jpg,2
id_7tayaxpbyp.jpg,2
id_eldxg2drqi.jpg,2
id_b2qch6dnh7.jpg,2
id_a1ladv8a2p.jpg,2
id_3tc2yi8z3p.jpg,2
id_0n11k4le6s.jpg,2
id_1mtylu1ls9.jpg,2
id_3xakbk4xct.jpg,2
id_vkqsqn50v7.jpg,2
id_ttb4m62msv.jpg,2
id_iq2q0bx3vk.jpg,2
id_nh0mie5d32.jpg,3
id_abm8rsfkq8.jpg,3
id_ytq3slqkjm.jpg,3
id_pz9z939k3e.jpg,3
id_4hqzrht12t.jpg,3
id_mj1u1s4oj3.jpg,3
id_u83j51q7zv.jpg,3
id_1cvkxwzx4d.jpg,3
id_hbn9jizhwv.jpg,3
id_bkzcqdgxil.jpg,3
id_q26vi5tqu8.jpg,3
id_l42g06sng1.jpg,3
id_zi10qc2dd6.jpg,3
id_20lexlrojc.jpg,3
id_m7bag3drhk.jpg,3
id_iidcwndfgq.jpg,3
id_d5zx81l4cf.jpg,3
id_q6m64eu8fz.jpg,3
id_u68vnc3ig8.jpg,3
id_u1mvhmutq3.jpg,3
id_wqn3kwf0zq.jpg,3
id_6fbhkyv1rd.jpg,3
id_w3mdsc9m5d.jpg,3
id_ie9392cr9c.jpg,3
id_wmni25iax5.jpg,3
id_mbr5v2sscr.jpg,3
id_jpe9ujl5qm.jpg,3
id_p5cwsp3ed1.jpg,3
id_j97kqyl4li.jpg,3
id_xz3snjmq58.jpg,3
id_zey0sdkbta.jpg,3
id_8ken1mdqby.jpg,3
id_ewl7d6bz3w.jpg,3
id_xbb8d94g1c.jpg,3
id_k9y7thvkcb.jpg,3
id_mcgqax48ms.jpg,3
id_1rhhena707.jpg,3
id_dk4e23tnbl.jpg,3
id_et97dmccl6.jpg,3
id_14gsxp9a7x.jpg,3
id_i7r9hkhxvx.jpg,3
id_yolqrg3oqx.jpg,3
id_pzevszn1ft.jpg,3
id_9cikz22vmm.jpg,3
id_2rtwh0u17x.jpg,3
id_pjebjjrlzg.jpg,3
id_forea5rzdm.jpg,3
id_kmh7ea7qta.jpg,3
id_wr1bsozdoh.jpg,3
id_ehr561dztl.jpg,3
id_ilz0fjuyqz.jpg,3
id_qq8luoqft3.jpg,3
id_uxekpj58sj.jpg,3
id_huc4t79iz7.jpg,3
id_ib4bkb6uto.jpg,3
id_kfxb2211ni.jpg,3
id_bd4mnyrg8q.jpg,3
id_cw3ol3h635.jpg,3
id_aa5go0vd7g.jpg,3
id_cz18328ivv.jpg,3
id_imaqmpfpit.jpg,3
id_7chz2q4dsm.jpg,3
id_b9qlq9zy3e.jpg,3
id_yinirldwcz.jpg,3
id_zrd7qf09i9.jpg,3
id_6mbplp7r39.jpg,3
id_kj9vtngvvt.jpg,3
id_3dvqhi5yc2.jpg,3
id_624x39bg9o.jpg,3
id_f7v2la0a2a.jpg,3
id_v60cs7d77g.jpg,3
id_zke3rs4zch.jpg,3
id_00sirs797x.jpg,3
id_kdcs4hdyuc.jpg,3
id_tm52dqb9f8.jpg,3
id_p6lql58dil.jpg,3
id_6nolb218pj.jpg,3
id_epdgxdr9xf.jpg,3
id_1gibtfi2n8.jpg,3
id_89gigt6zkx.jpg,3
id_zdg96srigj.jpg,3
id_gl5t1z2m7q.jpg,3
id_1hbw0l10vq.jpg,3
id_erwxtzu064.jpg,3
id_0twzw46shu.jpg,3
id_oq3gg3n3v0.jpg,3
id_2wsz8etqq8.jpg,3
id_pwiv4czvne.jpg,3
id_83p3l4ky24.jpg,3
id_0vaw9rsiro.jpg,3
id_m2sb3vo43l.jpg,3
id_s15z5p4sev.jpg,3
id_p7gbkw6fac.jpg,3
id_9wulfuwcn2.jpg,3
id_gzsslhreof.jpg,3
id_4292twvg9i.jpg,3
id_q2wywhkxho.jpg,3
id_rtsfp3txbj.jpg,3
id_4chm584qky.jpg,3
id_k6mj98vyb6.jpg,3
id_hwtp3ew69m.jpg,3
id_o32rkj7amd.jpg,3
id_51n7h0tlm2.jpg,3
id_qp6w3lkwpw.jpg,3
id_vodziadklf.jpg,3
id_upssbn1an2.jpg,3
id_7n0g3j6gzk.jpg,3
id_66g6mwyqq1.jpg,3
id_7of43wrmtf.jpg,3
id_ta824awk8u.jpg,3
id_du9knnffo5.jpg,3
id_drb68j9rdd.jpg,3
id_wg1m61aklu.jpg,3
id_c3knhu1grr.jpg,3
id_ndhdv3wuvg.jpg,3
id_59frfpw8jf.jpg,3
id_r1h52tth8l.jpg,3
id_6vz90clpex.jpg,3
id_y34gsiwy1w.jpg,3
id_y1be61kpy1.jpg,3
id_x4ppyf7aue.jpg,3
id_jamycww4eq.jpg,3
id_m3igovua55.jpg,3
id_grg65ljkg0.jpg,3
id_4cjlg0tvhe.jpg,3
id_z7s5bijjye.jpg,3
id_pqzhdlyuu1.jpg,3
id_u6r8out65h.jpg,3
id_hdpzuf5maf.jpg,3
id_cj34acrxx6.jpg,3
id_uqlw7y0nad.jpg,3
id_irokg3ehr4.jpg,3
id_3wnymfzd89.jpg,3
id_jp92mq606p.jpg,3
id_y9su4e1u73.jpg,3
id_5lp8nvwny7.jpg,3
id_hw550kq3v2.jpg,3
id_xqvc22teyc.jpg,3
id_90t410ke2y.jpg,3
id_ujfwsahx99.jpg,3
id_srxz1bv9u1.jpg,3
id_c6gycr0ll7.jpg,3
id_ghp8x3ioh0.jpg,3
id_a5jfl7ro3r.jpg,3
id_fu682pu2sa.jpg,3
id_t0in5kp2t2.jpg,3
id_no1g953uzv.jpg,3
id_gznhmadwx9.jpg,3
id_6je5zm854h.jpg,3
id_zizxk7ao1t.jpg,3
id_7n1r3iclt9.jpg,3
id_jtsa3ltfpf.jpg,3
id_pmrtwjvcgd.jpg,3
id_scmrfuk3wn.jpg,3
id_udvvzz2c23.jpg,3
id_qqzjbyaaff.jpg,3
id_zgkogavjc0.jpg,3
id_dxlkcvvfr0.jpg,3
id_78injeapb7.jpg,3
id_qidlol8rix.jpg,3
id_xrugrtgu68.jpg,3
id_8wlzhslrkm.jpg,3
id_52pqg1t9bk.jpg,3
id_sjxekgknm1.jpg,3
id_ulanlfsxbd.jpg,3
id_7fv766z6w1.jpg,3
id_mbvh28buo4.jpg,3
id_rqr7ifphi8.jpg,3
id_xy7imxys3o.jpg,3
id_bwskj8f0oq.jpg,3
id_utodcwimjz.jpg,3
id_gkom1h5747.jpg,3
id_664s1z4rww.jpg,3
id_8u5ihtwvz1.jpg,3
id_e5ldneer4h.jpg,3
id_gjkbres5x6.jpg,3
id_j1hoshe71a.jpg,3
id_vvcixbrht6.jpg,3
id_h054fn3que.jpg,3
id_x85na3swoi.jpg,3
id_15k6d9z1gu.jpg,3
id_14p9n4bif1.jpg,3
id_lc05xjrwua.jpg,3
id_pms9qxpoz3.jpg,3
id_j6yric3kmj.jpg,3
id_rpm8vl68k1.jpg,3
id_ca3q45a1rs.jpg,3
id_55a6sf8hbe.jpg,3
id_y371j6z48n.jpg,3
id_0s837x6nl4.jpg,3
id_c9x4xc9vuv.jpg,3
id_fwa2pa1goh.jpg,3
id_iak3wsllpb.jpg,3
id_5nnpmyknnd.jpg,3
id_p4p38h0ecn.jpg,3
id_7dyurqpi1w.jpg,3
id_sk5lr1glyx.jpg,3
id_b9i2zz9yug.jpg,3
id_fa7so7otnt.jpg,3
id_43qrirp7ju.jpg,3
id_eb4ghgzugp.jpg,3
id_2dsrqyxky4.jpg,3
id_bmnoihhg8v.jpg,3
id_5um2d37039.jpg,3
id_bvht7rqdqs.jpg,3
id_bfa3bqg6vo.jpg,3
id_ezucmiatlc.jpg,3
id_zw3ez6sob0.jpg,3
id_9mqak2k7v8.jpg,3
id_dn9224z43v.jpg,3
id_4v9uq2euou.jpg,3
id_xg7kcidrd9.jpg,3
id_on8sxjlnsc.jpg,3
id_dfepjtczqt.jpg,3
id_a1giw49it9.jpg,3
id_8kgrljo1dk.jpg,3
id_2nr2i8mloj.jpg,3
id_sagntmxcpy.jpg,3
id_q7m74i9e8z.jpg,3
id_sxovmjvddp.jpg,3
id_8l8zssuabc.jpg,3
id_lbilkqpgms.jpg,3
id_b8vydytsyy.jpg,3
id_2aztwqu09t.jpg,3
id_jql6p27k2j.jpg,3
id_r8s34il12m.jpg,3
id_v3x6c5g13w.jpg,3
id_5ro2oj1np6.jpg,3
id_wlvnj446ws.jpg,3
id_ylkz3s8rqh.jpg,3
id_gjxj3qaqpl.jpg,3
id_t21vjpvac0.jpg,3
id_woiqu67mvp.jpg,3
id_ivl68a0hxd.jpg,3
id_s1jwshnqwd.jpg,3
id_hsr14bvrhh.jpg,3
id_g374o5b10e.jpg,3
id_ml7s0vyb5x.jpg,3
id_4zywetm95o.jpg,3
id_mqt7hchj4l.jpg,3
id_rzonmr771u.jpg,3
id_b1z4o0mupl.jpg,3
id_uyrhfckx30.jpg,3
id_1t8tnu0umh.jpg,3
id_xwhehlvj8j.jpg,3
id_pe5g1sn04p.jpg,3
id_yxd1bn2bnt.jpg,3
id_ornzwhm7q0.jpg,3
id_rbhimh3i2j.jpg,3
id_dbq52ropeq.jpg,3
id_r83lt9zx3i.jpg,3
id_2gp13u7qvy.jpg,3
id_96z5kq4fxn.jpg,3
id_j0rv01nm8y.jpg,3
id_54hk016ddp.jpg,3
id_lqh7ff19v7.jpg,3
id_7r4idjxs41.jpg,3
id_4hzkikux2p.jpg,3
id_1tuq23detw.jpg,3
id_6oco8htfeu.jpg,3
id_nz0a4wt2f6.jpg,3
id_k1opxd8t8q.jpg,3
id_runfzrtfcb.jpg,3
id_c9dgk85037.jpg,3
id_o05jsatndx.jpg,3
id_bq3qp0cuw2.jpg,3
id_jh6051zrho.jpg,3
id_wdbqkk7seq.jpg,3
id_6t3jc3jcbq.jpg,3
id_snvsv2gtao.jpg,3
id_dtffc5i3ry.jpg,3
id_xr2wompa5z.jpg,3
id_e4hhcrr44r.jpg,3
id_6b7h3vfzga.jpg,3
id_rsb2v3qu20.jpg,3
id_2k4e86s37p.jpg,3
id_1g71f8npmo.jpg,3
id_e4124p2abl.jpg,3
id_cowxu03dw9.jpg,3
id_0tcisiqro7.jpg,3
id_8x0h7f3orn.jpg,3
id_8m1fug3x22.jpg,3
id_uv2ch29lkc.jpg,3
id_670dqel60h.jpg,3
id_rcmgx74i4g.jpg,3
id_mnm2l0p6hc.jpg,3
id_kbanzvtryi.jpg,3
id_r4f1nwo0bw.jpg,3
id_iqozwzktxf.jpg,3
id_6rx338ywb8.jpg,3
id_9y50yzh05r.jpg,3
id_gdd24yvc23.jpg,3
id_38aav4v9kr.jpg,3
id_0zb8ctuerr.jpg,3
id_xamxreu2mu.jpg,3
id_q4pmxshnf8.jpg,3
id_pb9amtm9hk.jpg,3
id_wd51nh9072.jpg,3
id_2htv5u7hgi.jpg,3
id_lgipcm9ma1.jpg,3
id_ru4hal0k5c.jpg,3
id_td90d9r5sb.jpg,3
id_ki6qkk13sm.jpg,3
id_l3mjhk9wgp.jpg,3
id_mhc2xa1a92.jpg,3
id_1zdxw0y038.jpg,3
id_5283833d2l.jpg,3
id_42hocdouyp.jpg,3
id_8t6w6p09ex.jpg,3
id_z0i61ad0tq.jpg,3
id_57izav80rt.jpg,3
id_of3h00wv6g.jpg,3
id_2xqmc5dr2d.jpg,3
id_hxi5z1l5e7.jpg,3
id_3r8qyxxxxc.jpg,3
id_is6qvm3hoj.jpg,3
id_dj7q6qdgvk.jpg,3
id_7ayy2uh8ya.jpg,3
id_auct5p9tzd.jpg,3
id_x716xwuwc3.jpg,3
id_bwd2w8i876.jpg,3
id_qg95y3rm5q.jpg,3
id_jcknbsf9nz.jpg,3
id_4xzto225v2.jpg,3
id_5cmiy2xmxy.jpg,3
id_li63u65zdf.jpg,3
id_v7f4pdivy1.jpg,3
id_3r4ntzhgct.jpg,3
id_6xrrxr01u8.jpg,3
id_6crwq6ntmj.jpg,3
id_s8ky94mac3.jpg,3
id_ancrafu6a8.jpg,3
id_906gshebg5.jpg,3
id_ue5wezctio.jpg,3
id_x4sl6b0qex.jpg,3
id_yd3tmwvvgu.jpg,3
id_ypf0ifnc0q.jpg,3
id_q5oduazlas.jpg,3
id_1hwrodpvak.jpg,3
id_8telgnnb6y.jpg,3
id_m9j0bdf838.jpg,3
id_uji0lqbw0t.jpg,3
id_s8265awk6h.jpg,3
id_n0dqkovtp3.jpg,3
id_qmjzvjtx05.jpg,3
id_wczc5k3dwj.jpg,3
id_fq2fj63h66.jpg,3
id_f91py41r08.jpg,3
id_f8hkv2boj5.jpg,3
id_7g7lj99tg4.jpg,3
id_83ft3yit5m.jpg,3
id_nbamhn8mgn.jpg,3
id_ucb98pn416.jpg,3
id_tuiwsxil2e.jpg,3
id_0jxqq647bu.jpg,3
id_vju82tjsha.jpg,3
id_gn3pjx02hs.jpg,3
id_dkskb44yb6.jpg,3
id_h09ny1a1yb.jpg,3
id_5hw93ewqy9.jpg,3
id_72qijfyo3z.jpg,3
id_lf4vcil5v3.jpg,3
id_64qx6x3ej5.jpg,3
id_xyz1j6qrxt.jpg,3
id_mr57qqhvl7.jpg,3
id_8qtcm6nlnu.jpg,3
id_xj5796xv3p.jpg,3
id_q5zllac1n2.jpg,3
id_uh034z9b62.jpg,3
id_25tlcquo1x.jpg,3
id_w1dk4h5p4w.jpg,3
id_vdfvv10yri.jpg,3
id_8jlhuhhu5y.jpg,3
id_y0jwpqzjfj.jpg,3
id_n042qba7uw.jpg,3
id_ssc5cizh06.jpg,3
id_qicgns95fp.jpg,3
id_aod3cmzyhq.jpg,3
id_cm79arin5l.jpg,3
id_6ishr7qk71.jpg,3
id_njg6m0iabk.jpg,3
id_zi48l029fz.jpg,3
id_94ttbsq54d.jpg,3
id_zytohx1ml2.jpg,3
id_f8ankpuwfj.jpg,3
id_jdell00c1g.jpg,3
id_6elwer7rwu.jpg,3
id_le5mwhewfl.jpg,3
id_kie5dis26h.jpg,3
id_2egdgzmq8a.jpg,3
id_6ew1o5b678.jpg,3
id_4d24j2jv1q.jpg,3
id_f9655wphgw.jpg,3
id_tbpcnvvgo4.jpg,3
id_e4kauw409x.jpg,3
id_eu2cd85l06.jpg,3
id_331urb6uko.jpg,3
id_8v13ih8l2d.jpg,3
id_n2p8hhg5y0.jpg,3
id_re82kdee9v.jpg,3
id_r08x66bz6p.jpg,3
id_a79vcelxje.jpg,3
id_e5rea6wgy6.jpg,3
id_yqs4jbnr66.jpg,3
id_x155heu8am.jpg,3
id_ni84jbmadv.jpg,3
id_zxrg6rdgbj.jpg,3
id_8q5u21g42q.jpg,3
id_3foaoydqtd.jpg,3
id_drdob883op.jpg,4
id_1d572clvxz.jpg,4
id_3g5q7v1owr.jpg,4
id_rsxudec7t0.jpg,4
id_r3qk3gs23y.jpg,4
id_sj4q2sn6ru.jpg,4
id_m0kwdfv3n8.jpg,4
id_bf5z9bx9xf.jpg,4
id_bw1qg3osng.jpg,4
id_8qftjzdycu.jpg,4
id_2mfzxl312n.jpg,4
id_s5ad3dl5v4.jpg,4
id_3jyozt96a3.jpg,4
id_k50besa0sa.jpg,4
id_nn0ks96g9z.jpg,4
id_ychygsfo4m.jpg,4
id_aq7iaw8mmy.jpg,4
id_ppw36ovjf6.jpg,4
id_8ixgyugm6f.jpg,4
id_xv0knrdqj1.jpg,4
id_w4tu79ynag.jpg,4
id_z69tezcerd.jpg,4
id_6o8cxplppe.jpg,4
id_uhss5k1wwd.jpg,4
id_kqm2j94g07.jpg,4
id_le33k9f4ee.jpg,4
id_hfmc4nz2d8.jpg,4
id_2103wau2fd.jpg,4
id_ayn5pj44ha.jpg,4
id_34aq8uj26d.jpg,4
id_1i2c98t2s2.jpg,4
id_atl0090lyr.jpg,4
id_6mjcdr5wap.jpg,4
id_s5b5n3gvdi.jpg,4
id_yvg592a7a9.jpg,4
id_u0ixesq8l0.jpg,4
id_d5dj2koz0y.jpg,4
id_q53voupmij.jpg,4
id_j0g578oq2j.jpg,4
id_3jrfzzpntr.jpg,4
id_9brjtu88if.jpg,4
id_40jro80u2f.jpg,4
id_4urj0kx8zk.jpg,4
id_njl8apjhd0.jpg,4
id_uafh5h1w2z.jpg,4
id_tf1w8yeuoo.jpg,4
id_5vugns5i4r.jpg,4
id_xlh51gqc5w.jpg,4
id_f7dzlbfp75.jpg,4
id_9m1sdiv8de.jpg,4
id_cw7dlnylrh.jpg,4
id_dysnz7txri.jpg,4
id_eag4kzq57n.jpg,4
id_hoa430w9u9.jpg,4
id_1qq01s8e5q.jpg,4
id_v2ivn5661g.jpg,4
id_p917fs0zpa.jpg,4
id_dwqh2ur8u2.jpg,4
id_fj5x6kw86e.jpg,4
id_f1e3aetgv3.jpg,4
id_ifh2dqupmv.jpg,4
id_6bs4zqzvfr.jpg,4
id_0qejp3o0q3.jpg,4
id_423v40dw2w.jpg,4
id_90egdm0iiy.jpg,4
id_o2inl7kdsn.jpg,4
id_y43subksbm.jpg,4
id_68203pocni.jpg,4
id_moteiws55h.jpg,4
id_0v91pruf44.jpg,4
id_tf4ojblzfw.jpg,4
id_7zvlqlp8hc.jpg,4
id_31mr88emf3.jpg,4
id_qk46xf80l5.jpg,4
id_vyaa2w0dpf.jpg,4
id_4sawx3kbqd.jpg,4
id_9cpyomw8az.jpg,4
id_nrigd8iz8k.jpg,4
id_kei6f1kb78.jpg,4
id_wuxm97h01u.jpg,4
id_gdm8100m5w.jpg,4
id_nlhs0bubx8.jpg,4
id_ks4su5m3hj.jpg,4
id_2jg9jwmbnr.jpg,4
id_1c93ihgovo.jpg,4
id_6vvr4khx3u.jpg,4
id_0nkc2ttx1k.jpg,4
id_47owtyygrt.jpg,4
id_px195triqt.jpg,4
id_bejugd5hv6.jpg,4
id_yj15i2ns02.jpg,4
id_h9c7h2pqbz.jpg,4
id_m52amtpkzq.jpg,4
id_mpmt3ysro0.jpg,4
id_jxvpr7yder.jpg,4
id_yn3c2sklwx.jpg,4
id_qyunwtmja4.jpg,4
id_06xcou9044.jpg,4
id_uucqe1kzry.jpg,4
id_ztgh8qmu65.jpg,4
id_h8al1nu1ms.jpg,4
id_4x725n9kau.jpg,4
id_warx3mh4mf.jpg,4
id_hmefmd3ly9.jpg,4
id_sv9q2kedlr.jpg,4
id_e6fjc11pel.jpg,4
id_dbo8nwd83g.jpg,4
id_b6dl82ccgr.jpg,4
id_ban726w8nn.jpg,4
id_dxy6h0ngox.jpg,4
id_cx8e1i0bit.jpg,4
id_fna6v0jvmu.jpg,4
id_1iia796cjq.jpg,4
id_uin77hhkwi.jpg,4
id_ktkjovp8ey.jpg,4
id_btfcsd8hls.jpg,4
id_6frlu462zt.jpg,4
id_zhd7abaq5b.jpg,4
id_f8xe9hjcgh.jpg,4
id_wmh4ltwfqi.jpg,4
id_u5hxl2tlk3.jpg,4
id_v2jm47dges.jpg,4
id_l0yddk6zes.jpg,4
id_apmwvq5z0g.jpg,4
id_nl5asaffj8.jpg,4
id_5cdbfxvbnx.jpg,4
id_qqrsca42ls.jpg,4
id_3br3wrtadm.jpg,4
id_yzkn4hlwbk.jpg,4
id_ukp8w60k2s.jpg,4
id_2syrsh98me.jpg,4
id_i7k81h7ycw.jpg,4
id_lw70dpk0sh.jpg,4
id_0raf30mfqj.jpg,4
id_96yqsw3jpj.jpg,4
id_wbxjec4uq4.jpg,4
id_1jw2ellyxp.jpg,4
id_ks29w27js0.jpg,4
id_a8yz1k8wg8.jpg,4
id_nft5mb2uuv.jpg,4
id_dmyxhehyfz.jpg,4
id_cgyn1ix1ld.jpg,4
id_9wqi3e0b1u.jpg,4
id_15keeum3u3.jpg,4
id_rgyp8k6n27.jpg,4
id_gizjwk9337.jpg,4
id_c6hmbeixdl.jpg,4
id_m6dwuex9rp.jpg,4
id_47vo2z5g0g.jpg,4
id_smmi9b8nzk.jpg,4
id_f56uxwa2ey.jpg,4
id_x1eirxrbh7.jpg,4
id_dnm28npu2a.jpg,4
id_a2py1fgxsj.jpg,4
id_ng9b37pjh8.jpg,4
id_7wk6y42ce8.jpg,4
id_tn6qz4ng17.jpg,4
id_re74wr6nyy.jpg,4
id_t04n6yjoc0.jpg,4
id_a4db2gg1w8.jpg,4
id_cqv7kuw7nl.jpg,4
id_gqibldquwu.jpg,4
id_5rwv5nd2tq.jpg,4
id_s2jyv2cu50.jpg,4
id_vxfv34g53d.jpg,4
id_p51oz5gghf.jpg,4
id_1up94xy9oo.jpg,4
id_kdm42uuuv2.jpg,4
id_u5cxqsylou.jpg,4
id_1la6dmk7pp.jpg,4
id_mntvw3dwf6.jpg,4
id_e8m0hqtp4y.jpg,4
id_c402fzufze.jpg,4
id_557cyy9hsg.jpg,4
id_zudn2etltm.jpg,4
id_28rvbnyy8f.jpg,4
id_dvhekvgy6v.jpg,4
id_3vtq93cpm1.jpg,4
id_qd5a1v9ff0.jpg,4
id_d775p5yr30.jpg,4
id_bktdwmg4lm.jpg,4
id_edi9peofkb.jpg,4
id_oepc5o47ei.jpg,4
id_dnfho1pole.jpg,4
id_7wc3vtwhf2.jpg,4
id_a4dlrgudtn.jpg,4
id_7yb76jlexx.jpg,4
id_e9j4btt1o5.jpg,4
id_9qtfjptkch.jpg,4
id_kg99pp3ajg.jpg,4
id_3o7iyhlk1s.jpg,4
id_xmkm4x4h8e.jpg,4
id_ukfbjar9g0.jpg,4
id_e1dww3um75.jpg,4
id_av2otqquhi.jpg,4
id_f42a2gqph2.jpg,4
id_byo00s7ha5.jpg,4
id_j65mnvpevk.jpg,4
id_qnlhvhva4z.jpg,4
id_n24hk0g8lw.jpg,4
id_5aayt7wk7i.jpg,4
id_oquldbwuzd.jpg,4
id_v1glu8ryq3.jpg,4
id_1s8dabcnsk.jpg,4
id_wwpj0dap0o.jpg,4
id_590z3x68ot.jpg,4
id_jqbclo5yeq.jpg,4
id_o8adhibofv.jpg,4
id_a6cl90trri.jpg,4
id_14dmyb52iw.jpg,4
id_x8jabafqvn.jpg,4
id_dt38kdgl57.jpg,4
id_pqgmfk87uh.jpg,4
id_6p7g042n86.jpg,4
id_3t3uk40b2i.jpg,4
id_bkc1sypwhe.jpg,4
id_7hz734jlky.jpg,4
id_vh0k3szcjh.jpg,4
id_uyjlgsajqq.jpg,4
id_rtgzon9vah.jpg,4
id_tbe6fmgu8x.jpg,4
id_ndx918oj23.jpg,4
id_ukr22a7bqv.jpg,4
id_23rsmol80e.jpg,4
id_msahpw5zj4.jpg,4
id_46m3wok9a6.jpg,4
id_fae6ox6d5c.jpg,4
id_n19tol6ifq.jpg,4
id_gsazi483u2.jpg,4
id_ecq3iqw0g7.jpg,4
id_h5ju5jauec.jpg,4
id_f9x20qlr6j.jpg,4
id_tkqnlwx1y5.jpg,4
id_mty3c1iqq1.jpg,4
id_e7v9ytlskr.jpg,4
id_3buznw30g2.jpg,4
id_ui292hgdmi.jpg,4
id_y87srhljbk.jpg,4
id_u6hg312yxn.jpg,4
id_a5nf4ezn3v.jpg,4
id_szvd392zit.jpg,4
id_v4xxli6iw9.jpg,4
id_wb377w0v25.jpg,4
id_192aqdbme8.jpg,4
id_9z6ajhl5wl.jpg,4
id_yseszg2q5n.jpg,4
id_bt2zp2gbmn.jpg,4
id_zobhzfdohf.jpg,4
id_wigoy75pqm.jpg,4
id_xa3mozz6v6.jpg,4
id_rnp8fcintk.jpg,4
id_8jwhcrt4sv.jpg,4
id_6ahfn204xa.jpg,4
id_h5p5jtx9x5.jpg,4
id_jnbgok27hr.jpg,4
id_jrjp6o8osg.jpg,4
id_w01gu00ojz.jpg,4
id_ybifuopowk.jpg,4
id_pn6iyrdqqz.jpg,4
id_jf0tdhrt1t.jpg,4
id_p9kpi4frkc.jpg,4
id_xeuwa8b3u9.jpg,4
id_vayi564v9k.jpg,4
id_1esqqvsjvk.jpg,4
id_r9abxdhok9.jpg,4
id_ohpxl9iya8.jpg,4
id_ch6r0g46fr.jpg,4
id_tbop9cccoc.jpg,4
id_weda17cono.jpg,4
id_aw92rm7opv.jpg,4
id_c7xs6w7y18.jpg,4
id_6y8h3f87d9.jpg,4
id_jhmcow8v7w.jpg,4
id_7ugqazdluw.jpg,4
id_315zl7hmc7.jpg,4
id_5xhxy46p30.jpg,4
id_988opam1qk.jpg,4
id_jsow1t087p.jpg,4
id_1c9bm6vnzq.jpg,4
id_9neerla9dn.jpg,4
id_5jlm5m4pxl.jpg,4
id_igdinr7vkp.jpg,4
id_9d0jjtbefc.jpg,4
id_ngdidsmt6o.jpg,4
id_hmaklyr5yf.jpg,4
id_kzezc1atva.jpg,4
id_nj6huth4i7.jpg,4
id_10qnuqnk43.jpg,4
id_i1cfxjzumf.jpg,4
id_138trbgjle.jpg,4
id_un4mi81hjl.jpg,4
id_pvdijtojcd.jpg,4
id_cio6nhtmh7.jpg,4
id_3baftl81sb.jpg,4
id_t4ahof8989.jpg,4
id_apji4r6dlw.jpg,4
id_1khfg2vetr.jpg,4
id_nq17i56sa6.jpg,4
id_d9km9wq3gf.jpg,4
id_fa626uztwq.jpg,4
id_nfscssxd2u.jpg,4
id_iisyobbs2a.jpg,4
id_9tl5n2534s.jpg,4
id_24ax5m76mp.jpg,4
id_aabf48tgco.jpg,4
id_311b3ld96p.jpg,4
id_gf10i90gho.jpg,4
id_wcwmkdwrh8.jpg,4
id_yrtdn6miil.jpg,4
id_ludahm1p2e.jpg,4
id_xnmvaiwxvw.jpg,4
id_okjightpji.jpg,4
id_i5xfsny969.jpg,4
id_qvc2le9sm8.jpg,4
id_4icitay9wp.jpg,4
id_k35z1l0erh.jpg,4
id_k061rd9uty.jpg,4
id_wxaxv22nhy.jpg,4
id_um5sxszvdq.jpg,4
id_gb3wahhdqq.jpg,4
id_ybz383ke13.jpg,4
id_cgccsf7xyt.jpg,4
id_jo8uyjrgbt.jpg,4
id_asx2u1dvli.jpg,4
id_86a2zngtjy.jpg,4
id_x7xw4fzomb.jpg,4
id_x7cg2bvicu.jpg,4
id_4mrzh2eqaa.jpg,4
id_xaw1ocymzh.jpg,4
id_6wzmt4zao6.jpg,4
id_anwoop5gmd.jpg,4
id_ugc3d0uqrm.jpg,4
id_8oi9oz3jlb.jpg,4
id_eles6acbym.jpg,4
id_t57hhd5zxl.jpg,4
id_8hlgwswkaz.jpg,4
id_87rt6lehbn.jpg,4
id_jrppxrh1it.jpg,4
id_gwr0e1k48a.jpg,4
id_ajzbqyf67p.jpg,4
id_qx3tpu72kt.jpg,4
id_e9fd19ggmu.jpg,4
id_vukb9kjcto.jpg,4
id_kgvspp0gry.jpg,4
id_6725ti9py2.jpg,4
id_6kboq7k8e0.jpg,4
id_edf1t21q5x.jpg,4
id_jiezf5gtsi.jpg,4
id_rnjgrvrhj4.jpg,4
id_3qytviqygd.jpg,4
id_ox0p3l485r.jpg,4
id_rzbjt4n8ho.jpg,4
id_o6eyzd4i8a.jpg,4
id_488ayirol0.jpg,4
id_vur0w5rz0n.jpg,4
id_mjx4hj0r41.jpg,4
id_937jmrnd81.jpg,4
id_k733p5zcpu.jpg,4
id_o8l2fgsn7v.jpg,4
id_uzt696gwlz.jpg,4
id_wp2hqrl4ek.jpg,4
id_aspncsg7kf.jpg,4
id_8y0uii4k60.jpg,4
id_nwy9oayw6h.jpg,4
id_wy64v158ve.jpg,4
id_tgz14xl388.jpg,4
id_8ksz34ssgs.jpg,4
id_erhdrpe5m3.jpg,4
id_4qta0i8drs.jpg,4
id_jt20t8uy30.jpg,4
id_60wk14naw1.jpg,4
id_devgx172vg.jpg,4
id_0psx59eg7k.jpg,4
id_jytc8dze3v.jpg,4
id_gtlp0w5e4p.jpg,4
id_rxyr9eou21.jpg,4
id_mahz3x8yer.jpg,4
id_jqpx1ud3i8.jpg,4
id_oy2hyge16t.jpg,4
id_nzih31h24i.jpg,4
id_gnkvf07r9a.jpg,4
id_qwlbeo6f16.jpg,4
id_pxg2c45frz.jpg,4
id_a2xgyegvl4.jpg,4
id_8h68gniafz.jpg,4
id_244xst7z0v.jpg,4
id_hbviida8th.jpg,4
id_vmn1yepcxy.jpg,4
id_58rguqh8gv.jpg,4
id_piks21idhv.jpg,4
id_ybqcjorzmq.jpg,4
id_3m4qh3fisx.jpg,4
id_q64taqr7xa.jpg,4
id_8rsxptmxkc.jpg,4
id_og5x0uny64.jpg,4
id_oeg81pq0yc.jpg,4
id_bz9jyi8f3a.jpg,4
id_eibgf14l0w.jpg,4
id_ptywmrfb4s.jpg,4
id_uz5hr1s361.jpg,4
id_2s7rdefjuk.jpg,4
id_bs0z86wm00.jpg,4
id_cq2c1jqghj.jpg,4
id_wh6zyryvik.jpg,4
id_y5sidvg3w2.jpg,4
id_fwvyb6l251.jpg,4
id_72qnzxl1js.jpg,4
id_g9j9rxm05s.jpg,4
id_qcgac2hzwm.jpg,5
id_1kdccg2hed.jpg,5
id_2gtyv51w1i.jpg,5
id_641yuyjn1f.jpg,5
id_9fyjq1ibpx.jpg,5
id_va4z1ugq2d.jpg,5
id_hudm26qzdw.jpg,5
id_ksxsumq87n.jpg,5
id_lq3n07hf7o.jpg,5
id_pm75e0p03o.jpg,5
id_sgi34ryz73.jpg,5
id_iiqfo1mbei.jpg,5
id_2de8i9fwtz.jpg,5
id_2h539a742j.jpg,5
id_glkdkl6ecv.jpg,5
id_3mawpvd064.jpg,5
id_ofrena6jju.jpg,5
id_7fd9tfijwa.jpg,5
id_ku8hrzuzpt.jpg,5
id_0y7wuu76bp.jpg,5
id_ntnj17v7b2.jpg,5
id_8clbyr304s.jpg,5
id_1eqjeuvn3r.jpg,5
id_qjmh7o69nh.jpg,5
id_p1odegzi4a.jpg,5
id_mgtz4etyx1.jpg,5
id_rxur32j6k2.jpg,5
id_lg934gctjs.jpg,5
id_x3bqhia7s5.jpg,5
id_rdy8ijad2a.jpg,5
id_fo6qh2h8hd.jpg,5
id_wl0yg7aplm.jpg,5
id_kys9rtr8od.jpg,5
id_ysi2242k6l.jpg,5
id_88wih42jlj.jpg,5
id_x60tvano76.jpg,5
id_s5mp9t58s5.jpg,5
id_wga5l8jeh5.jpg,5
id_7fc9zyfy0e.jpg,5
id_v8znpkdomx.jpg,5
id_0t6kda1fq9.jpg,5
id_1roo39ojs0.jpg,5
id_8hzfllgbcx.jpg,5
id_zb39t8q1ks.jpg,5
id_sgmyn5n4x1.jpg,5
id_vv8cybhd9d.jpg,5
id_2d9g4htl0c.jpg,5
id_e1z1cyw0i1.jpg,5
id_jae11mzfte.jpg,5
id_6csaqnzto8.jpg,5
id_jkfuq49s29.jpg,5
id_dffofz1351.jpg,5
id_2oee8q6sf2.jpg,5
id_xu8bnrns68.jpg,5
id_unbxbat1t9.jpg,5
id_3iyp1jxbct.jpg,5
id_y5up27t0bv.jpg,5
id_4ff79j4gv4.jpg,5
id_zp4mfxd55p.jpg,5
id_ac7q1ehp23.jpg,5
id_eofa8osfh2.jpg,5
id_1fmmo9lp14.jpg,5
id_l12dc0d0er.jpg,5
id_i5tsin8ztt.jpg,5
id_2krvxl0jl6.jpg,5
id_y0xccxbniy.jpg,5
id_jf6uwv1x6s.jpg,5
id_a36jno79ej.jpg,5
id_y534abmcuf.jpg,5
id_15rb0dgq66.jpg,5
id_gh76ohnnje.jpg,5
id_2i4awt0yrg.jpg,5
id_1ziracu5s5.jpg,5
id_jxms9neg6t.jpg,5
id_uaai20pgbi.jpg,5
id_tjffyijxll.jpg,5
id_rtrgua3sjf.jpg,5
id_vtppfsimst.jpg,5
id_tzsjd9livd.jpg,5
id_33a4icf8ni.jpg,5
id_44fqfdw5v9.jpg,5
id_ic7er132w9.jpg,5
id_ukpdjukqqy.jpg,5
id_53m3zxj2im.jpg,5
id_xahnp3wxin.jpg,5
id_oc5se3b1wo.jpg,5
id_twwaddwz7l.jpg,5
id_z9ajsvm7z8.jpg,5
id_4x6xe60cb3.jpg,5
id_k6x4ib1ewz.jpg,5
id_p6omtmwcl1.jpg,5
id_s7ow36yu87.jpg,5
id_13m870d7y7.jpg,5
id_myrvgev04f.jpg,5
id_4rzcmhnb7g.jpg,5
id_04gtt1v9w0.jpg,5
id_4cotsn0obm.jpg,5
id_287k5l3dpf.jpg,5
id_rtri28ktxd.jpg,5
id_8vo13z2ru4.jpg,5
id_g7t9v5jebb.jpg,5
id_g2sqqzfmua.jpg,5
id_1o2oc7fqs8.jpg,5
id_1a6j7t0nuk.jpg,5
id_x8w2chd68q.jpg,5
id_j8ri1iub1e.jpg,5
id_7g7mhvy4xl.jpg,5
id_okva4xz4nj.jpg,5
id_e857nydk8d.jpg,5
id_wywjqv3drx.jpg,5
id_zgkvnvxevi.jpg,5
id_4vy2wvrrkd.jpg,5
id_kv5qbzseow.jpg,5
id_4yx3yarc6f.jpg,5
id_87xjsxnbft.jpg,5
id_w3hbmlhy3s.jpg,5
id_2phbgf1x5m.jpg,5
id_5gvjtx72rm.jpg,5
id_u7grd5cjlv.jpg,5
id_t4zsobmg62.jpg,5
id_sktaunxklg.jpg,5
id_dqs7gwi0lc.jpg,5
id_njgy63grdy.jpg,5
id_rmwz6ce1dd.jpg,5
id_6bi5nxyooo.jpg,5
id_9v4gg6m7bx.jpg,5
id_wkp72a2mr7.jpg,5
id_wq2owxeg15.jpg,5
id_n70defln6p.jpg,5
id_p9klvnbrqa.jpg,5
id_94h5wxut89.jpg,5
id_nl3aeas2wu.jpg,5
id_l0tm7il1xn.jpg,5
id_of4eykgxt5.jpg,5
id_k4ly4467l9.jpg,5
id_bj4v8tg4n3.jpg,5
id_5b0jo1djb2.jpg,5
id_g8307c6ymr.jpg,5
id_9pbj5r74nc.jpg,5
id_b8gwvmjynv.jpg,5
id_egu5f4y1bu.jpg,5
id_y6uqii4ury.jpg,5
id_n43eeu01e8.jpg,5
id_rty8dzjldp.jpg,5
id_sho4od6kye.jpg,5
id_xa4qfbdy8x.jpg,5
id_qns6tizja0.jpg,5
id_k31xcsf57u.jpg,5
id_5e3mzdro2p.jpg,5
id_v00bbsdplf.jpg,5
id_0kpr76faxx.jpg,5
id_fwilzwxdl7.jpg,5
id_mkpnrd5p32.jpg,5
id_c5vt1lql3c.jpg,5
id_i6e0zg17ui.jpg,5
id_wij48tbsif.jpg,5
id_ru8mlt0bhf.jpg,5
id_gbr8mzd3md.jpg,5
id_58ee05nnpt.jpg,5
id_tytvx6k5jv.jpg,5
id_0e1cx570oo.jpg,5
id_n53hqkovup.jpg,5
id_xpkrmeytor.jpg,5
id_axtl2fhij7.jpg,5
id_dnzk3am2hb.jpg,5
id_9y8yjazthl.jpg,5
id_8tnj74ncng.jpg,5
id_994x5qytoi.jpg,5
id_od5ejunse8.jpg,5
id_p2kuzgnz1b.jpg,5
id_irns9qz3vn.jpg,5
id_1gs2mk1ts7.jpg,5
id_cs5olbw2g8.jpg,5
id_6c66f8rw3u.jpg,5
id_99dqny1a0l.jpg,5
id_xc49qafwkt.jpg,5
id_y8d31sm2om.jpg,5
id_1gsflyazao.jpg,5
id_fdk43mrkdj.jpg,5
id_l1492tno2u.jpg,5
id_7ggrhk95br.jpg,5
id_rdhtgry0vh.jpg,5
id_k7k423j4d3.jpg,5
id_d0b50l3j3h.jpg,5
id_x7nd051hom.jpg,5
id_a2myf5oy8r.jpg,5
id_0v9rocfzi8.jpg,5
id_mv69uxd7tv.jpg,5
id_575ur08l05.jpg,5
id_stx1sghla9.jpg,5
id_wfpa6fgx05.jpg,5
id_nmtvik0q7s.jpg,5
id_tk8fwls153.jpg,5
id_womj1xex2p.jpg,5
id_g3ebbikz3z.jpg,5
id_v51xobxvyk.jpg,5
id_sp3aywnevu.jpg,5
id_o5gznb9nvm.jpg,5
id_hvu083lxd7.jpg,5
id_19lavqwwve.jpg,5
id_d15oygh6d0.jpg,5
id_xi59tlcn6o.jpg,5
id_dsv96v0wwi.jpg,5
id_l8fx3stv27.jpg,5
id_xgem47szay.jpg,5
id_z92kgzdl9u.jpg,5
id_m3k4pmmra6.jpg,5
id_6xbobn7zax.jpg,5
id_jtghx9mo7e.jpg,5
id_5mtjl379ep.jpg,5
id_etxbbkno9c.jpg,5
id_kkir4tuqai.jpg,5
id_fo5klf8zjn.jpg,5
id_ysl8s914k8.jpg,5
id_3qpoeywhc6.jpg,5
id_q8g5ptlpha.jpg,5
id_qkz8b1sany.jpg,5
id_1ba9zm9tkm.jpg,5
id_djivwejlfp.jpg,5
id_6l68y440h7.jpg,5
id_i6nln3bo7h.jpg,5
id_tke5283vm6.jpg,5
id_db7urn6j1g.jpg,5
id_dv8abaa6z4.jpg,5
id_0s4fhpislz.jpg,5
id_axrk9aq376.jpg,5
id_vq09s9hrah.jpg,5
id_3qpnzi9cvh.jpg,5
id_hth9rvjbef.jpg,5
id_5pk3c2n8mp.jpg,5
id_bqs4luq4kl.jpg,5
id_1fvnn1roz4.jpg,5
id_zrbxgpxuta.jpg,5
id_9d04pt29ci.jpg,5
id_jewa1kipr1.jpg,5
id_tifbx6v6di.jpg,5
id_pa1vxzqq1s.jpg,5
id_c36hkm2atp.jpg,5
id_4a8p6pjb7f.jpg,5
id_k5imo1alvb.jpg,5
id_5q7uw7so7o.jpg,5
id_zq1rpui1cu.jpg,5
id_ipczvfvyo8.jpg,5
id_a3z2d18cq0.jpg,5
id_ll4auei208.jpg,5
id_en2wie1orr.jpg,5
id_dn3ulndjff.jpg,5
id_sbru10y5pc.jpg,5
id_5wusu71c26.jpg,5
id_2dmtavmwqg.jpg,5
id_r2x9t2l5cd.jpg,5
id_99wdvjeavb.jpg,5
id_1ek659ass2.jpg,5
id_8jgef5mjwc.jpg,5
id_yqip573e9t.jpg,5
id_mn8un57jgm.jpg,5
id_r7rcvu1zc8.jpg,5
id_uea1p68x2j.jpg,5
id_1kx1qtnqf6.jpg,5
id_wmytvl7d4d.jpg,5
id_2p2dyhdw1h.jpg,5
id_021o79u9zs.jpg,5
id_x02kwdf64j.jpg,5
id_3uvuspqr6q.jpg,5
id_et3df5wqcz.jpg,5
id_6qr9x3f384.jpg,5
id_j2qlimwxp5.jpg,5
id_kw7pfxdzua.jpg,5
id_fyi5c2t3zz.jpg,5
id_p0uyhf1k5v.jpg,5
id_vgp6tq0vsk.jpg,5
id_tekbdl9zqv.jpg,5
id_99802d15ky.jpg,5
id_tbasyn4ksn.jpg,5
id_3vl2211vbz.jpg,5
id_ur73wn6b2v.jpg,5
id_ioti1d4xew.jpg,5
id_3htb4o3hfn.jpg,5
id_c69tm8y0y2.jpg,5
id_a0ovpr4cek.jpg,5
id_bzvu0x3vsx.jpg,5
id_trqgxmjszh.jpg,5
id_5r1k5g43dg.jpg,5
id_18dksu2pcw.jpg,5
id_noluf8agf5.jpg,5
id_u7424e0jbz.jpg,5
id_q8l33mekpf.jpg,5
id_34bm0uo95m.jpg,5
id_mrn2bbogx3.jpg,5
id_hr10y564wc.jpg,5
id_wyhchzjroz.jpg,5
id_iwm2km59xp.jpg,5
id_xcv8hacv2o.jpg,5
id_6o6am6gf0i.jpg,5
id_5qe8szb7zh.jpg,5
id_hczakz2ht6.jpg,5
id_2f96ugnp7h.jpg,5
id_l45460tf6z.jpg,5
id_b3dellefqq.jpg,5
id_9b0xsy1aba.jpg,5
id_mo2v2kgx60.jpg,5
id_tvzkxokqed.jpg,5
id_9sdpy03kw1.jpg,5
id_kemmb57ure.jpg,5
id_4r9yajci0x.jpg,5
id_hfgyd1yepz.jpg,5
id_vr1gu2ox2k.jpg,5
id_g71y6lc94l.jpg,5
id_8ndmibwfgl.jpg,5
id_cvq4yybuzd.jpg,5
id_y9r18vi826.jpg,5
id_j44lw6vp5j.jpg,5
id_bgrtbhrlzd.jpg,5
id_xtl771qwo0.jpg,5
id_solxuqssfc.jpg,5
id_lrggm29yxz.jpg,5
id_6x0d145kam.jpg,5
id_gj632pfurw.jpg,5
id_mi1fi40efb.jpg,5
id_salkqy08c8.jpg,5
id_tzxt79u3ec.jpg,5
id_nbs2c32913.jpg,5
id_b5xoi2glxv.jpg,5
id_x2ecl26zj0.jpg,5
id_frahdlz5n3.jpg,5
id_563ke68nhe.jpg,5
id_tmtzoe9bns.jpg,5
id_e4mdst4zi1.jpg,5
id_10vr1y8zmv.jpg,5
id_rssaiirkbk.jpg,5
id_vi77yn78t7.jpg,5
id_n9xdokysvj.jpg,5
id_087dra2apu.jpg,5
id_okapnkihwo.jpg,5
id_l6y1brui8o.jpg,5
id_i20oi7qcal.jpg,5
id_e23dyybn4a.jpg,5
id_kjtfw1vgg1.jpg,5
id_afv626iamx.jpg,5
id_02q5ah1zvq.jpg,5
id_yi7mfeaqv4.jpg,5
id_d07juo1wzd.jpg,5
id_d7y7ez7cab.jpg,5
id_ohqkm3vdkw.jpg,5
id_zxkkjaaypf.jpg,5
id_0fdars2kkw.jpg,5
id_8w3b6y2506.jpg,5
id_wzjc6hmplc.jpg,5
id_apsd1snoaf.jpg,5
id_c986swte59.jpg,5
id_kmf7t09v58.jpg,5
id_cilsouekou.jpg,5
id_48jgu425jr.jpg,5
id_tl2d67i3vy.jpg,5
id_g2qoimboyc.jpg,5
id_f4ho94k592.jpg,5
id_p6jzeg98wl.jpg,5
id_4svm2mbojb.jpg,5
id_gip2419rqo.jpg,5
id_1c7wmuw2j4.jpg,5
id_q7akj9v4f3.jpg,5
id_e1xkftysj9.jpg,5
id_oavpuolgcm.jpg,5
id_d84u8xw1ku.jpg,5
id_jgst3boko3.jpg,5
id_iv1edp9fei.jpg,5
id_j6dps1u714.jpg,5
id_s2xx0ywozw.jpg,5
id_gyoporclq9.jpg,5
id_f3orjo1cxc.jpg,5
id_wft4oplzxm.jpg,5
id_it2s61fo5z.jpg,5
id_v5umg2n136.jpg,5
id_iecoe7yawd.jpg,5
id_jmy7nkyt53.jpg,5
id_5twlbmjcbu.jpg,5
id_sr0u23d805.jpg,5
id_j225bk8clg.jpg,5
id_4a42vnhjjw.jpg,5
id_u8gkyu4gc4.jpg,5
id_kgq7iibxya.jpg,5
id_bw8mq2lrsq.jpg,5
id_d86k3yxion.jpg,5
id_n9xy45rmxl.jpg,5
id_h96zith5oz.jpg,5
id_48b1s36zmc.jpg,5
id_q0kxllm8q2.jpg,5
id_iohrjcek7i.jpg,5
id_2wb8wujc6m.jpg,5
id_2vypqq561o.jpg,5
id_5yazfoieuu.jpg,5
id_vicg3eiapl.jpg,5
id_wv8ze1pfbz.jpg,5
id_jsfiseoilv.jpg,5
id_hku1338twx.jpg,5
id_bvmglcm4cb.jpg,5
id_twaz7o240a.jpg,5
id_iwkkhl0sfh.jpg,5
id_ipmba1040m.jpg,5
id_6r4u8vcjay.jpg,5
id_43cevf8y4e.jpg,5
id_wakdfod10p.jpg,5
id_8ki9psqzdy.jpg,5
id_psyadz27fb.jpg,5
id_dpt2paz1zu.jpg,5
id_ajetqytbnc.jpg,5
id_vtqdhvqnrx.jpg,5
id_bilucrhgg3.jpg,5
id_5hvtwgeaz5.jpg,5
id_ggsuqofel4.jpg,5
id_h1ok5iazab.jpg,5
id_bba8stn84o.jpg,5
id_tk6kutj1mg.jpg,5
id_j0s3jncce7.jpg,5
id_uahbj2v0w9.jpg,5
id_xyf205iv7p.jpg,5
id_t6v3yjgwzk.jpg,5
id_ftey0pagnu.jpg,5
id_xr7x8vmwrm.jpg,5
id_n9alv46e3p.jpg,5
id_3xszhdulod.jpg,5
